timestamp,tweet_text,username,all_hashtags,retweet_count,favourites_count
2019-12-03 12:14:44,This one deep o 🤔  #TuesdayMotivation #TuesdayThoughts #BallonDor #BallonDor2019 https://t.co/UV6oxCH4mO,Sidomex,"[u'TuesdayMotivation', u'TuesdayThoughts', u'BallonDor', u'BallonDor2019']",9683
2019-12-03 12:14:33,2019 calendar year:  Most goals: Lewandowski Most assists: Muller Most NT/UEFA goals: Ronaldo Most club goals: Lewandowski C. America winner: Brazil C. America MVP: Alves CL winner: Liverpool CL MVP: Van Dijk  #BallonDor Messi 🤔🤔🤔,Mubarack_Umar,[u'BallonDor'],19131
2019-12-03 12:14:28,#LionelMessi wins #BallonDor 2019 !!! Enjoy All 30 Top Players by #FranceFootball in #LEGO [ Full video🎥  https://t.co/k3ib58yeTG ] Video: Le classement complet du Ballon d'Or France Football 2019 ! #LeoMessi #BallonDor2019 #Messi #LegoFootball #LegoSport #LegoCalcio,LegoFootball,"[u'LionelMessi', u'BallonDor', u'FranceFootball', u'LEGO', u'LeoMessi', u'BallonDor2019', u'Messi', u'LegoFootball', u'LegoSport', u'LegoCalcio']",911
2019-12-03 12:14:14,"- Anfield horror show - Barça playing some of the most passive football under Valverde - Copa America heart break  Despite all of this, finally something truly meritorious to honour the legend of Lionel Messi. #Messi  #BallonDor https://t.co/mwvW2KWXrE",Wasirehman710,"[u'Messi', u'BallonDor']",395
2019-12-03 12:14:06,"How to explain the greatness of Messi to a cricket fan. If he played cricket he would  bat 10X better than Kohli,  would bowl 10X better than Bhumrah, would field 10X better than Jonty  and would be as humble as Dhoni  #Messi #BallonDor",sachinsadl,"[u'Messi', u'BallonDor']",144
2019-12-03 12:13:39,Quick #Messi  recap:  #BallondOr  #BallondOr  #BallondOr  #BallondOr  #BallondOr  #BallondOr   #GOATisCuler,theCaresOneNo,"[u'Messi', u'BallondOr', u'BallondOr', u'BallondOr', u'BallondOr', u'BallondOr', u'BallondOr', u'GOATisCuler']",1
2019-12-03 12:13:31,The Fastest Way to Lose Belly Fat  https://t.co/qCDRHM90uA  #BlackWidow Opay Piers Vodacom Ronaldo Modric GOAT #BallonDor iPhone 6 Daura Keyamo Drogba #NewProfilePic #BallonDor2019 #TuesdayMotivation #TuesdayThoughts #TuesdayMorning #tuesdayvibes #MESSI,naija_gym,"[u'BlackWidow', u'BallonDor', u'NewProfilePic', u'BallonDor2019', u'TuesdayMotivation', u'TuesdayThoughts', u'TuesdayMorning', u'tuesdayvibes', u'MESSI']",13229
2019-12-03 12:13:21,The closest Ballon d'Or vote this century:  🥇Lionel Messi: 24.4% 🥈Virgil van Dijk: 24.1%  What a race!  #BallonDor #BallonDor2019 #Messi #VVD https://t.co/vD70Qh8J2v,Sportingbet_com,"[u'BallonDor', u'BallonDor2019', u'Messi', u'VVD']",26943
2019-12-03 12:12:57,"They would be the first to call you to see Ronaldo is losing, they would be the last to talk when Messi has a bad day. They would be the first to shout that Islams killed people, but forget what happened during the crusades  Be more like your idols. Less loud mouthed.  #BallonDor",michaelpapi_,[u'BallonDor'],1126
2019-12-03 12:12:48,Meet the pineapple queen Edited by @DecimalAjems @worldbestkopiko  #TuesdayMotivation #TuesdayThoughts #30secondsRaidOnly #BallonDor2019 #BallonDor #MESSIX #VikramLander https://t.co/XC94vIBHd2,PhotographyTbm,"[u'TuesdayMotivation', u'TuesdayThoughts', u'30secondsRaidOnly', u'BallonDor2019', u'BallonDor', u'MESSIX', u'VikramLander']",1
2019-12-03 12:12:17,"Ronaldo won 2013 #BallonDor  even after his team finished 15 points behind Barcelona in Laliga, bottled the Copa Del Rey Final to Atletico Madrid (final that was played at Santiago). got knocked out of the Champions League. That is 0 trophies but he still won it. #BallonDor2019 https://t.co/1sKk1B3qYQ",Timmy_Cule,"[u'BallonDor', u'BallonDor2019']",2506
2019-12-03 12:12:07,"Quality #sneakers available at discounted rate of 20%  Sizes: 38-40 Price: #7,200 Packaging: Box Delivery is Nationwide Send DM or contact 07065510487 to #order  #Daswiftwears #daswiftlink #EndOfYear #discounts #sale #abuja #iPhone6 #Opay #BallonDor #TuesdayMotivation #Davido https://t.co/SHZ98MSj9j",DaSwiftWears,"[u'sneakers', u'order', u'Daswiftwears', u'daswiftlink', u'EndOfYear', u'discounts', u'sale', u'abuja', u'iPhone6', u'Opay', u'BallonDor', u'TuesdayMotivation', u'Davido']",2685
2019-12-03 12:11:48,They should just limit the number of times a player can win the #BallonDor.  3 times perhaps?  Let others have a chance.  Its been rather boring the last decade.,A1ex96Venom,[u'BallonDor'],278
2019-12-03 12:11:28,@brfootball And Katie might wonder where here brother was in all of this:  Only 17 chosen as number 1...... 69/61 over 17.  Do I need to say more? #BallonDor https://t.co/gTVryJHwt4,MarB____,[u'BallonDor'],109
2019-12-03 12:11:21,@FixedMs It's not new that you remain the best when it's comes to fixed games. @FixedMs thank you for this game  #Nigerian #BallonDor2019 #BallonDor #MESSIX #30secondsRaidOnly #CitiCBS #hdfcbankdown #ShowbizAgenda #MAMA2019 #HuaweiFreeBuds3 https://t.co/vYAJCsY8rI,UgwuMartins16,"[u'Nigerian', u'BallonDor2019', u'BallonDor', u'MESSIX', u'30secondsRaidOnly', u'CitiCBS', u'hdfcbankdown', u'ShowbizAgenda', u'MAMA2019', u'HuaweiFreeBuds3']",19
2019-12-03 12:11:03,When Messi wins the seventh... Shey Ororo go still won wear number 7 like this #BallonDor #GOAT #MESSIX #Messi,chizzy_the,"[u'BallonDor', u'GOAT', u'MESSIX', u'Messi']",207
2019-12-03 12:10:37,We know Messi is good and all that. But the only reason I can think he won #BallonDor over @VirgilvDijk is that @andrewrobertso5 gave him a pat on the head for good luck. https://t.co/gELVNffBGb,SamTaylor90,[u'BallonDor'],17
2019-12-03 12:10:35,@classicfm911 Damilola still staying tuned from Oyo state #MESSIX  #BallonDor,OnyxDickson,"[u'MESSIX', u'BallonDor']",243
2019-12-03 12:10:02,The Ballon D'or is just a joke. Period.  How didn't Ronaldo win it over Mdoric?  How didn't Salah win it for scoring 44 goals in England?  All about PR. Agenda driven.  #BallonDor,Hxnz99,[u'BallonDor'],115
2019-12-03 12:09:52,"In the never ending saga of Messi vs Ronaldo, after VVD's comments and the bitter response he has received it just further proves the undeniable. You can't be the greatest if you have to keep telling people how great you are, they will do that for you. #BallonDor",TheOrigJonny,[u'BallonDor'],192
2019-12-03 12:09:48,I really appreciate this win @MrDavidFixed1 thank you very much for this. #BallonDor2019 #BallonDor #MESSIX #TuesdayMotivation #TuesdayThoughts #30secondsRaidOnly #TuesdayMorning #CitiCBS #hdfcbankdown #ShowbizAgenda #MAMA2019 #PTIStabilisesEconomy #ArrestSonko #COPAAfrica2019 https://t.co/1sSGLHCD2N,MrWilliamPat,"[u'BallonDor2019', u'BallonDor', u'MESSIX', u'TuesdayMotivation', u'TuesdayThoughts', u'30secondsRaidOnly', u'TuesdayMorning', u'CitiCBS', u'hdfcbankdown', u'ShowbizAgenda', u'MAMA2019', u'PTIStabilisesEconomy', u'ArrestSonko', u'COPAAfrica2019']",45
2019-12-03 12:09:39,"At the end of 2019 #BallonDor awards. Africa managed 4th, 5th best with Mané and Salah respectively.  Mané's ranking has however drawn criticism after a good year for club and country.  What was your reaction to the outcome. #AfricanewsPolls 🇸🇳🇪🇬⚽️🏆",africanews,"[u'BallonDor', u'AfricanewsPolls']",37854
2019-12-03 12:09:34,The official top 10 from the Men's Ballon d'Or by ranking points.  Just seven points separated Lionel Messi and Virgil van Dijk in the #BallondOr voting. 😱 https://t.co/x6wrqoyTMH,LimitedFootball,[u'BallondOr'],2
2019-12-03 12:09:29,Funny how yesterday the #BallonDor hosts could not dare show any highlights of Messi wearing an Argentina shirt😂😂😅,khalilmukhtar_,[u'BallonDor'],78
2019-12-03 12:09:20,The typical Messi fan is like your average Christian. They take something so beautiful and make it so ugly. They are not interested in the beauty of the game. Just that they want to prove to you that their own God is better than yours. It's pathetic. #BallonDor #BallonDor2019,michaelpapi_,"[u'BallonDor', u'BallonDor2019']",1126
2019-12-03 12:09:06,Votes au #BallonDor @francefootball :  Europe : 1️⃣ Van Dijk (231 pts) 2️⃣ Messi (194) 3️⃣ Ronaldo (151)  Afrique : 1️⃣ Messi (187) 2️⃣ Mané (170) 3️⃣ Van Dijk (154)  Am. du Sud : 1️⃣ Messi (47) 2️⃣ Van Dijk (39) 3️⃣ Ronaldo (34)  Asie : 1️⃣ Van Dijk (155) 2️⃣ Messi (134) 3️⃣ Ronaldo (100),blues_senegal,[u'BallonDor'],70
2019-12-03 12:08:41,#Messi #Messi #Messi  #Messi #Messi #Messi   Hashtag speaks everything.. #GOAT   Congratulations #LeoMessi on winning #BallonDor 6th time!! 🙏  #BallonDor2019 #LM10 https://t.co/Z4xFK69cRi,Vishal_vp10,"[u'Messi', u'Messi', u'Messi', u'Messi', u'Messi', u'Messi', u'GOAT', u'LeoMessi', u'BallonDor', u'BallonDor2019', u'LM10']",444
2019-12-03 12:08:15,16gh Yesterday 6Gh today and is not even 12Pm Now but  it's finished @MTNGhana You Guys Are Fraud Than #BallonDor @SaddickAdams Bigman Tellem to #SaveOurData Please,BestMorrat,"[u'BallonDor', u'SaveOurData']",133
2019-12-03 12:08:03,The official top 10 from the Men's Ballon d'Or by ranking points.  Just seven votes separated Lionel Messi and Virgil van Dijk in the #BallondOr 😱 https://t.co/StOWRXagvO,SquawkaNews,[u'BallondOr'],227710
2019-12-03 12:07:56,Did Alisson just say 'Good Ebening' at the #BallonDor2019 award ceremony?  Is he secretly dedicating the #YachineTrophy to Unai Emery?  @thealisonbecker what do you think? 😂😝 #BallonDor #COYG #EmeryOut #YNWA #LIVEVE #Liverpoolfc https://t.co/xzywrbbfWO,ELDommyNick,"[u'BallonDor2019', u'YachineTrophy', u'BallonDor', u'COYG', u'EmeryOut', u'YNWA', u'LIVEVE', u'Liverpoolfc']",281
2019-12-03 12:07:49,"@MrDavidFixed1 God bless you for me sir, for all the good things you have done in my life with your fixed games. #BallonDor2019 #BallonDor #MESSIX #TuesdayMotivation #TuesdayThoughts #30secondsRaidOnly #TuesdayMorning #CitiCBS #hdfcbankdown #MAMA2019 #ProdigalSon #Nigeria #MUFC https://t.co/x6lrMLPRT6",Angela10984886,"[u'BallonDor2019', u'BallonDor', u'MESSIX', u'TuesdayMotivation', u'TuesdayThoughts', u'30secondsRaidOnly', u'TuesdayMorning', u'CitiCBS', u'hdfcbankdown', u'MAMA2019', u'ProdigalSon', u'Nigeria', u'MUFC']",114
2019-12-03 12:07:43,"He is most definitely a GOAT, but VVD deserved the #BallonDor https://t.co/t4gpjuPF6K",KamoMoloi_A2G,[u'BallonDor'],1118
2019-12-03 12:07:36,"As we all celebrate #MESSIX and the #BallonDor2019 and #BallonDor  don't forget to secure the future of your brand by duly registering it with corporate affairs commission.  Let's help you get registered before the year ends. Teach out, We're a DM away!  #ShowbizAgenda #CAC https://t.co/jmr5IMxEFw",_purposeteacher,"[u'MESSIX', u'BallonDor2019', u'BallonDor', u'ShowbizAgenda', u'CAC']",103
2019-12-03 12:07:35,King Leo harbours no beef.   #BallonDor2019 #BallonDor   Read more: https://t.co/gcy652QqVm #tukonews,Tuko_co_ke,"[u'BallonDor2019', u'BallonDor', u'tukonews']",73059
2019-12-03 12:07:07,@Mahrez22  Top 10 world best player What a pride 😍 Best algerian 🇩🇿 player so far!  #BallonDor2019  #محرز  #BallonDor  #Mahrez https://t.co/5zfFxcbbPP,YahyaMbb,"[u'BallonDor2019', u'\u0645\u062d\u0631\u0632', u'BallonDor', u'Mahrez']",78
2019-12-03 12:07:05,"Keep things organized in your kitchen.. Get this beautiful pot rack. Price N6,500. #SaveOurData Abuja #BallonDor #Nigeria #TuesdayMotivation #Rice https://t.co/QGAIRbsc0k",Dunasysstores,"[u'SaveOurData', u'BallonDor', u'Nigeria', u'TuesdayMotivation', u'Rice']",153
2019-12-03 12:07:00,Some #Goat lockscreens📱 for your phones. I added a few modifications to them Enjoy 🍻🍻#BallonDor #MESSIX 🐐  [thread] 😎 https://t.co/c6MEXMibUp,messsiahno,"[u'Goat', u'BallonDor', u'MESSIX']",1123
2019-12-03 12:06:39,The best football player in the world 🐐 #BallondOr https://t.co/x7uikxb0dY,Caaqilbeene,[u'BallondOr'],963
2019-12-03 12:06:11,Lionel Messi wins Ballon d'Or for record sixth time https://t.co/SdmKKqKH5m #BallondOr #football,insidethegames,"[u'BallondOr', u'football']",29138
2019-12-03 12:06:04,"in the media, has more influence and says things which people want to hear such as saving children’s life, peace and no war and all sorts of stuff which candidate has no control over. Just to summarise, I think 1st and 2nd places in this year’s #BallonDor are quite fair (7/9)",PrzybylskiPat,[u'BallonDor'],822
2019-12-03 12:06:02,"Thread on what I think about #BallonDor 👇🏼   The problem is that The FIFA Ballon d'Or voting is very subjective. It’s awarded purely based on international journalists, coaches and captains’ opinion. People are voting for their players to win/get as much votes as possible (1/9)",PrzybylskiPat,[u'BallonDor'],822
2019-12-03 12:06:00,"Legends don’t care about trends, they focus on the dream to make it manifest. They make every minute of their lives a memorable one. This’s what separates the men from the boys. Drogba uses iPhone 6, let’s learn some sense #BallonDor https://t.co/cJ7YWJBnH1",Mawunya_,[u'BallonDor'],16118
2019-12-03 12:05:46,"This man collected 2 undeserved #BallonDor (2010,2019). He has NO international trophy. He is not even the greatest in Europe. He hasn’t even reached 700 goals. Yet u meantion GOAT😂 https://t.co/7Eb2f5FpW4",khalilmukhtar_,[u'BallonDor'],78
2019-12-03 12:05:42,Van Dyk gets one #BallonDor nomination and he acts like he won five already lol https://t.co/DYrSFcz5QL,NaqibahW,[u'BallonDor'],318
2019-12-03 12:05:41,Messi deserves the #BallonDor,emsterdamn,[u'BallonDor'],848
2019-12-03 12:05:35,"i had trauma last night and been hospitalized, just for imagining the scenes of van dijk winning ballon d'or. nw I'm ok #BallonDor  #Messi https://t.co/EVjsT3Jl2g",milanista_Acm,"[u'BallonDor', u'Messi']",166
2019-12-03 12:05:31,"16/17 - 37 goals , 17 assists - 13th   Luis Suarez has been robbed of the ballon dor several times  #BallonDor",Ronan99_,[u'BallonDor'],229
2019-12-03 12:05:09,Mid week Premier League action is back!  Will City continue to struggle away from home?  Will Palace build on their impressive victory away to Burnley?  #PALACE #Bournemouth #city #Guardiola #ManCity #Burnley #WhatToWager #BallonDor2019 #BallonDor #EPL  https://t.co/NXihe4pvy2,S_R_DOfficial,"[u'PALACE', u'Bournemouth', u'city', u'Guardiola', u'ManCity', u'Burnley', u'WhatToWager', u'BallonDor2019', u'BallonDor', u'EPL']",93
2019-12-03 12:05:06,Will Cristiano win another #BallonDor before retiring? 🤨 https://t.co/sBchsileUa,90min_Football,[u'BallonDor'],164114
2019-12-03 12:04:52,"Hating on or disrespecting both Luka Modric and Real Madrid who had nothing to do with the #BallonDor this year just because your favorite player didn't win it won't make anything better for you, it just makes you a clown.",Ahsantina_,[u'BallonDor'],698
2019-12-03 12:04:13,Congratulations to leomessi and everything he achieved last season in the run up to winning one of footballs biggest prizes! #ballondor #ballondor2019 !! https://t.co/gZyGbsRdJp,Heisenbert,"[u'ballondor', u'ballondor2019']",277
2019-12-03 12:04:01,You can buy #BallonDor but you cannot buy international trophy. Done well for football 💪 @Cristiano the GOAT🐐 https://t.co/apshaOQk9A,NurkeyFurey1,[u'BallonDor'],3643
2019-12-03 12:04:00,#Messi #BallonDOr #MessiBalonDeOro #LionelMessi  The Argentine footballer Lionel Messi wins a record-breaking sixth Ballon d’Or.  https://t.co/DZMQDiXycs,theBAtimes,"[u'Messi', u'BallonDOr', u'MessiBalonDeOro', u'LionelMessi']",3382
2019-12-03 12:03:27,Mateo Messi absolutely loving it at the #BallonDor ❤️❤️ https://t.co/LxutvuALxn,rockingnepal201,[u'BallonDor'],4388
2019-12-03 12:03:17,"Signed photo set of the Six time world player of year Lionel Messi available now. 34 inch square, black framed with certificate of authenticity.  #Messi #BallonDor #barca https://t.co/mDsvRSuLl2",ChrisENeil,"[u'Messi', u'BallonDor', u'barca']",108
2019-12-03 12:03:11,"During this festive season, the best gift to ur child is to get him a full medical check-up. Let's move away from going to the hospital when diseases pin us down. Any illness detected in its early stages is easier to handle. #healthy #KOT5Aside #BallonDor #ArrestSonko #MESSIX https://t.co/jK0DqWUl2y",HoughtonMedical,"[u'healthy', u'KOT5Aside', u'BallonDor', u'ArrestSonko', u'MESSIX']",10
2019-12-03 12:03:10,"@Mus6ey Chai won't you keep quiet, #BallonDor Is worth than everything  in a football career. ts better to have one Ballondor than five FIFA awards.",Abakar_kusada_,[u'BallonDor'],130
2019-12-03 12:03:04,"I lost over 500+ followers today, I don't know what is wrong with Twitter, please follow me I follow back #BallonDor #Shiloh2019 #MESSIX #certfied https://t.co/6k2y9c889R",Digihubsng,"[u'BallonDor', u'Shiloh2019', u'MESSIX', u'certfied']",1202
2019-12-03 12:02:55,NUC Uncovers 100 Fake Professors In Nigerian Universities #HuaweiFreeBuds3 #MESSIX #SaveOurData #BallonDor  https://t.co/2Nk4EP4adJ,an24TV,"[u'HuaweiFreeBuds3', u'MESSIX', u'SaveOurData', u'BallonDor']",2171
2019-12-03 12:02:19,"Hey Klopp, how many Ballen d’ors has Messi won😂😂#ballondor https://t.co/35PQ9nQA1X",Nickel_Stead,[u'ballondor'],20
2019-12-03 12:02:18,#BallonDor: Lionel Messi continued making history on Monday night by winning a record sixth Ballon d’Or award for his exploits with Barcelona and Argentina in 2019.  ⚽️46 🅰️17 Player with the most La Liga wins Top scorer in UCL https://t.co/55vTc2Ms5d,MirrorHeraldUK,[u'BallonDor'],121
2019-12-03 12:02:11,Another day and yes I’m still pissed @VirgilvDijk didn’t witness the #BallonDor,carpetmucherGTS,[u'BallonDor'],6941
2019-12-03 12:02:08,#BlackWidow trailer Poll your vote as likes &amp; dislikes in through the link  https://t.co/58bU8rYEZa  #BallonDor2019 #BallonDor #hdfcbankdown #Chandrayaan2 #TaapseePannu #bangaloretraffic #TuesdayMotivation #WorldDisabilityDay #ScarlettJohansson #BlackWidowTrailer #ROOTSTrivia,Kannan1206,"[u'BlackWidow', u'BallonDor2019', u'BallonDor', u'hdfcbankdown', u'Chandrayaan2', u'TaapseePannu', u'bangaloretraffic', u'TuesdayMotivation', u'WorldDisabilityDay', u'ScarlettJohansson', u'BlackWidowTrailer', u'ROOTSTrivia']",24
2019-12-03 12:01:47,Les votes au #BallonDor par continent:  Europe : 1️⃣ Van Dijk (231 pts) 2️⃣ Messi (194) 3️⃣ Ronaldo (151)  Afrique : 1️⃣ Messi (187) 2️⃣ Mané (170) 3️⃣ Van Dijk (154)  Am. du Sud : 1️⃣ Messi (47) 2️⃣ Van Dijk (39) 3️⃣ Ronaldo (34)  Asie : 1️⃣ Van Dijk (155) 2️⃣ Messi (134) 3️⃣ Ronaldo (100),Ziedjnb,[u'BallonDor'],746
2019-12-03 12:01:35,Votes au #BallonDor @francefootball :  Europe : 1️⃣ Van Dijk (231 pts) 2️⃣ Messi (194) 3️⃣ Ronaldo (151)  Afrique : 1️⃣ Messi (187) 2️⃣ Mané (170) 3️⃣ Van Dijk (154)  Am. du Sud : 1️⃣ Messi (47) 2️⃣ Van Dijk (39)... https://t.co/9H6dWAXziA,emerypabandji,[u'BallonDor'],2185
2019-12-03 12:01:29,Penaldo family kraa. U don't understand them. They feel so much entitled to the #BallonDor like it's a family birthright. Any year Ronaldo doesn't win bueh. Yawa gas. #Messi ranked 5th last year we didn't hear kpim from his fam or camp. Take your Ls in peace. #MESSIX,AfrehVincent,"[u'BallonDor', u'Messi', u'MESSIX']",1455
2019-12-03 12:01:12,Türkiye’nin #BallonDor ’daki tercihleri;  1️⃣ #VanDijk 2️⃣ #Ronaldo 3️⃣ #Mbappe 4️⃣ #Salah 5️⃣ #Messi https://t.co/V76vtaASoI,DeportesReports,"[u'BallonDor', u'VanDijk', u'Ronaldo', u'Mbappe', u'Salah', u'Messi']",23717
2019-12-03 12:01:09,"With Lionel Messi the now confirmed best player of 2019 after winning a record-breaking 6th Ballon D'Or, how do his stats compare to long-time rival Cristiano Ronaldo? 🐐👏🥇  #BallonDor #BeSoccer #football https://t.co/ruOLpjPiey",besoccer_com,"[u'BallonDor', u'BeSoccer', u'football']",3751
2019-12-03 12:00:53,"Can someone explain why Mahrez beat Griezmann, Firmino, Aguero, de Ligt, KDB, Hazard, Sterling &amp; de Jong to 10th best player in the world. #BallonDor",DLad96,[u'BallonDor'],46
2019-12-03 12:00:41,"Learn How You Can Be The ""King"" Of Your Industry Regardless Of Your Experience! . Partner With Us Let's Grow Your Business With +ROI. #Shiloh2019 #TuesdayMotivation #BallonDor #LagosTrafficRadio #VikramLander #hdfcbankdown #HuaweiFreeBuds3 #digitalmarketing #business https://t.co/xb10lPkQwv",BrandmaniacDig1,"[u'Shiloh2019', u'TuesdayMotivation', u'BallonDor', u'LagosTrafficRadio', u'VikramLander', u'hdfcbankdown', u'HuaweiFreeBuds3', u'digitalmarketing', u'business']",12
2019-12-03 12:00:36,"""Johnson was a man with great foresight, a quintessential manager of resources."" - Sanwo-Olu  #MESSIX #SaveOurData #Shiloh2019 #BallonDor #TuesdayMotivation  https://t.co/bhcL2vlMmw",an24TV,"[u'MESSIX', u'SaveOurData', u'Shiloh2019', u'BallonDor', u'TuesdayMotivation']",2171
2019-12-03 12:00:29,Journalist picks Trent Alexander-Arnold to win the #BallonDor https://t.co/BvOyBBVYEG https://t.co/R92gXqNOmg,TheSunFootball,[u'BallonDor'],432046
2019-12-03 12:00:18,The Wall. 🦁 @VirgilvDijk    #BallonDor https://t.co/Pm727ogz4e,MatiasVegetti,[u'BallonDor'],193
2019-12-03 12:00:16,2⃣0⃣0⃣9⃣ 🏆 #BallonDor 179 matches 91 buts ⚽  2⃣0⃣1⃣9⃣ 🏆🏆🏆🏆🏆🏆 #BallonDor 701 matches 614 buts ⚽  #GoatIsCuler https://t.co/K0rVCsaauE,fcbarcelona_fra,"[u'BallonDor', u'BallonDor', u'GoatIsCuler']",1087866
2019-12-03 12:00:02,OUR TOKEN OF APPRECIATION TO EVERYONE WHO HAS GRACED THE MMINO STAGE!   #MminoSundays #RipAneleHoyana #BallonDor #HuaweiFreeBuds3 #thembarumbu #enhle #MESSIX #TuesdayThoughts #947takealot #MenlynMaine https://t.co/MCFE04CISj,MminoSundays,"[u'MminoSundays', u'RipAneleHoyana', u'BallonDor', u'HuaweiFreeBuds3', u'thembarumbu', u'enhle', u'MESSIX', u'TuesdayThoughts', u'947takealot', u'MenlynMaine']",8
2019-12-03 12:00:00,"Some great memories in there...  #Messi, Owen &amp; Co. - all #ballondor winners since 1990 📸➡️ https://t.co/yGCQ2QKiqA  #LFC #Barca #BallonDor2019 https://t.co/58TGfuYdmf",TMuk_news,"[u'Messi', u'ballondor', u'LFC', u'Barca', u'BallonDor2019']",30287
2019-12-03 11:59:44,@VirgilvDijk was never going to get #BallonDor We all know that it is racially motivated. We all know that as @SamuelEtooFans We all know as @ThierryHenry fans. @FIFAcom is racist,RespectMaluleke,[u'BallonDor'],151
2019-12-03 11:59:28,"Ronaldo left #RealMadrid to #Juventus, that's  when he lost his 6th #BallonDor",Ahmsammy,"[u'RealMadrid', u'Juventus', u'BallonDor']",20
2019-12-03 11:59:24,Votes au #BallonDor @francefootball :  Europe : 1️⃣ Van Dijk (231 pts) 2️⃣ Messi (194) 3️⃣ Ronaldo (151)  Afrique : 1️⃣ Messi (187) 2️⃣ Mané (170) 3️⃣ Van Dijk (154)  Am. du Sud : 1️⃣ Messi (47) 2️⃣ Van Dijk (39) 3️⃣ Ronaldo (34)  Asie : 1️⃣ Van Dijk (155) 2️⃣ Messi (134) 3️⃣ Ronaldo (100),ActuFoot_,[u'BallonDor'],2087963
2019-12-03 11:59:20,Poor man @Cristiano really thought this long texts &amp; list would hand him individual awards 🤣  UEFA Awards ❌ FIFA Awards ❌ Ballon d'or ❌  #Messi beaten this guy with his individual brilliance makes this #BallonDor award very special out of all he won 👑 Phenomenon 🙏 https://t.co/2zvAxeNouv,AjithSadha,"[u'Messi', u'BallonDor']",19841
2019-12-03 11:58:47,It was great being a part of the panel for the 2019 @francefootball #BallonDor award. Congratulations to #Messi !  #Liberia 🇱🇷 @Africansoccerup @WesleyKla @GQuamie @mustapharaji_ https://t.co/w2z9cdLeVX,KokoiAnthony,"[u'BallonDor', u'Messi', u'Liberia']",302
2019-12-03 11:58:27,Boss pon mic #hiphop #hhiphop #MAMA2019 #BLACKCOFFEE #Seahawks #BallonDor #PrinceAndew #COPAAfrica2019 #ARMYSelcaDay https://t.co/o9PAoOsdXt,luu_Maye,"[u'hiphop', u'hhiphop', u'MAMA2019', u'BLACKCOFFEE', u'Seahawks', u'BallonDor', u'PrinceAndew', u'COPAAfrica2019', u'ARMYSelcaDay']",2048
2019-12-03 11:58:23,@RichJLaverty For me the #Ballondor lack relevance as a ‘best footballer award’. When you look at the men’s 63 year history its been won by 1 goal keeper and 2 defenders. You simply can’t measure the ability of a defender against a goal scorer. The award would be more relevant by position.,thebattlewagon,[u'Ballondor'],100
2019-12-03 11:57:40,If it is by voting Messi would have won an international trophy by now #BallonDor,Sam20Hendo,[u'BallonDor'],5140
2019-12-03 11:57:35,@piersmorgan @Cristiano MESSI is busy winning his 6th #BallonDor while your goat is busy modeling *makeup and *headbands🤣🤣🤣🤣🤣🤣🤣 https://t.co/qI62GkqhZk,Alecia69825937,[u'BallonDor'],240
2019-12-03 11:57:18,The legendary defender believes Virgil was the best player 🏆 #LFC #BallondOr https://t.co/zq84OQg8sb,empireofthekop,"[u'LFC', u'BallondOr']",1861798
2019-12-03 11:57:07,"The winner of the #BallonDor2019 was announced, Lionel Messi was once again, for a record-breaking sixth time, crowned the #worldsbestplayer and quite deservedly so. https://t.co/pXFqE4bqLn  #LionelMessi #BallonDor #BestPlayerintheWorld #FCBarcelona #football #footballstories",Sportcoio,"[u'BallonDor2019', u'worldsbestplayer', u'LionelMessi', u'BallonDor', u'BestPlayerintheWorld', u'FCBarcelona', u'football', u'footballstories']",642
2019-12-03 11:56:50,"@SwarunBotta @modoubah @francefootball @ChampionsLeague @premierleague To somewhat degree is about about individual brilliance. Respect, however to Sadio. He did fairly well individually, but nowhere near Messi.   #BallonDor",MaslamSanneh,[u'BallonDor'],1302
2019-12-03 11:56:34,Andie   Walk in #Bletchley  01908711821   #MiltonKeynes #Blonde #TuesdayThoughts #BallonDor #FIFA20 #Christmas https://t.co/1wxeHE6qKB,annabellasesco2,"[u'Bletchley', u'MiltonKeynes', u'Blonde', u'TuesdayThoughts', u'BallonDor', u'FIFA20', u'Christmas']",886
2019-12-03 11:56:29,I am a lowly one and I am against the bill. #SayNoToSocialMediaBill  #BallonDor #SaveOurData #MESSIX #TuesdayThoughts,iamlaariloju,"[u'SayNoToSocialMediaBill', u'BallonDor', u'SaveOurData', u'MESSIX', u'TuesdayThoughts']",57
2019-12-03 11:56:27,Me as your Girlfriend OR 20 Billion (ordinary Naira)???  Honest replies please and maybe tell me WHY 🙏🏾 #SaveOurData #Shiloh2019 #BallonDor #TuesdayMotivation #Breakinglimits #MINvsSEA #HuaweiFreeBuds3 #Abuja #etinosa #RHOA #thembarumbu #Unbreakable #ImACeleb #osulogisticsmoment https://t.co/uOiSndYYAA,tunde2ogundeyi,"[u'SaveOurData', u'Shiloh2019', u'BallonDor', u'TuesdayMotivation', u'Breakinglimits', u'MINvsSEA', u'HuaweiFreeBuds3', u'Abuja', u'etinosa', u'RHOA', u'thembarumbu', u'Unbreakable', u'ImACeleb', u'osulogisticsmoment']",2919
2019-12-03 11:56:25,"Only two of Messi's Ballon D'Ors are not controversial, but Ronaldo won all his clean. #BalondeOro #BallonDor",Deji_OoniAbj,"[u'BalondeOro', u'BallonDor']",16983
2019-12-03 11:56:17,"Hello, I'm Diego. Nice to meet you.  #Driptie #LuxuryTie #luxurylifestyle  #FeeltheDrip #BallonDor #MESSIX #Tuesdaythoughts #Nigeria #TwitterNGparty #TuesdayMorning https://t.co/qCbeXL9CD8",DripTie,"[u'Driptie', u'LuxuryTie', u'luxurylifestyle', u'FeeltheDrip', u'BallonDor', u'MESSIX', u'Tuesdaythoughts', u'Nigeria', u'TwitterNGparty', u'TuesdayMorning']",217
2019-12-03 11:55:43,The Ballon d'Or once again goes to the greatest player of all time. Football and Barça celebrate another wonderful achievement. Congratulations Leo! #BallonDor #BallonDor2019 #MESSIX #MessiBallonDor2019 #Messi #FCBarcelona #uefachampionsleague #VanDijk #CristianoRonaldo #Messi6 https://t.co/cT7A96Uysq,momsprince23,"[u'BallonDor', u'BallonDor2019', u'MESSIX', u'MessiBallonDor2019', u'Messi', u'FCBarcelona', u'uefachampionsleague', u'VanDijk', u'CristianoRonaldo', u'Messi6']",9
2019-12-03 11:55:37,I lost my old account jeez...   Follow meeee I follow back   but y'all can help me decide again right?  Glasses on or Off??   #follobackforfolloback #BallonDor #MESSIX #Messi #TuesdayMotivation #SaveOurData #sugarbaby #mtnbundlesdontexpire #WorldAIDSDay https://t.co/YAvM2QMEfM,Blosylamar,"[u'follobackforfolloback', u'BallonDor', u'MESSIX', u'Messi', u'TuesdayMotivation', u'SaveOurData', u'sugarbaby', u'mtnbundlesdontexpire', u'WorldAIDSDay']",274
2019-12-03 11:55:29,".@juliosalinas19. @AthleticClub #Lezama product who eventually moved to @FCBarcelona and was voted ahead of the likes of Maldini, Lineker, and Koeman on the 1989 #BallonDor final rankings. https://t.co/TNCoJYA21Q",RMaq28,"[u'Lezama', u'BallonDor']",5666
2019-12-03 11:55:26,Gerrard finished third behind Ronaldinho and Frank Lampard in 2005 - did he deserve to win a #BallonDor? https://t.co/CIdl49N4GQ,888sport,[u'BallonDor'],42442
2019-12-03 11:55:25,FOUNDER OF #MminoSundays @PietMabaso DRIPPIN' SAUCE 💦💦  #mminosundays #fashionphotography #fashionaddict #african #liveart #HuaweiFreeBuds3 #enhle #FritzJoubert #BallonDor https://t.co/x9qH5Ad1DU,MminoSundays,"[u'MminoSundays', u'mminosundays', u'fashionphotography', u'fashionaddict', u'african', u'liveart', u'HuaweiFreeBuds3', u'enhle', u'FritzJoubert', u'BallonDor']",8
2019-12-03 11:55:16,#PhilsDrive #ImStaying  #GirlzTalkZa  #TakealotTuesday  #BallonDor  #SaveOurData   📻Passion can drive you to never stop dreaming.🎙️ https://t.co/dGB37yaDh2,Philiso14,"[u'PhilsDrive', u'ImStaying', u'GirlzTalkZa', u'TakealotTuesday', u'BallonDor', u'SaveOurData']",94
2019-12-03 11:55:06,Congratulations to Lionel Messi on winning his 6th Ballon D’or. What a remarkable achievement 👏👏 #BallonDor,Liamdon1997,[u'BallonDor'],8
