timestamp,tweet_text,username,all_hashtags,retweet_count,favourites_count
2019-12-02 12:33:43,Ballon D’or #Messi,Sirdheeq,[u'Messi'],1041
2019-12-02 12:33:21,Click and get the song 'Without You' https://t.co/nZal1RBFgj #DavidoDidntCum #scholes #BallonDor2019 #CardiB #akinalabi #UnbotheredMercy #MrPresident #Ronaldo #Nigerians #osas #MESSI #SocialMediaBill #universityoftransportation #JamesBond #mtnbundlesdontexpire #Davido https://t.co/dNvYR0Tc9W,yakubumohammed_,"[u'DavidoDidntCum', u'scholes', u'BallonDor2019', u'CardiB', u'akinalabi', u'UnbotheredMercy', u'MrPresident', u'Ronaldo', u'Nigerians', u'osas', u'MESSI', u'SocialMediaBill', u'universityoftransportation', u'JamesBond', u'mtnbundlesdontexpire', u'Davido']",67332
2019-12-02 12:33:10,"Yall Messi fc. This is a pic i took in anticipation of this day.  It's called 'hook it' or 'inject it' and it shall be used for ororo and his brethren sorrows, tears and blood.  #BallonDor2019 #MESSI https://t.co/ol672IlFyS",soalagee,"[u'BallonDor2019', u'MESSI']",304
2019-12-02 12:32:40,@CandRGroup The Goat is gonna pick his 6th BallonDor #MESSI,Churchi6123965,[u'MESSI'],1123
2019-12-02 12:31:55,New Wallpaper... #MESSI #BallonDor2019 https://t.co/lpjfTzqDxr,ennyade66,"[u'MESSI', u'BallonDor2019']",1137
2019-12-02 12:31:43,"When #Messi has sex with bitches, he fucks them fair.  #Barcelona #RealMadrid #AtleticoMadrid https://t.co/1kPUPWwz1z",mistakes30,"[u'Messi', u'Barcelona', u'RealMadrid', u'AtleticoMadrid']",79
2019-12-02 12:30:22,At one hand I know Messi winning this Ballon Dor will take him to 6th and I don't think  CR7 with his increasing age  will ever be in line for this award again  BUT   that's fine and #MESSI deserves to win it more than anyone else  #MessiBallonDor2019 #BallonDor2019  #madridista,vinnieMacJr,"[u'MESSI', u'MessiBallonDor2019', u'BallonDor2019', u'madridista']",216
2019-12-02 12:30:18,@Nabil_djellit Write #MESSI all over it...it belong to only 1 person the king Messi #BallonDor https://t.co/piveTP20w5,DragonSurgeon_,"[u'MESSI', u'BallonDor']",61
2019-12-02 12:30:04,TRUTH is... It’s illegal to use a legal name. Read/Share #BCCRSS because I.D.’s ILLEGAL:  https://t.co/X5ZGEPOzXq  #crss #firebergevin #LACvsDEN #PunBNK48 #FLZJingleBall #Broncos #TwitterMomentsOfTheDecade #GodSavetheQueen #MESSI #12DaysOfChristmas #AYODHYAVERDICT #100DaysNoVikas https://t.co/trOrpBUuBP,LnfNow,"[u'BCCRSS', u'crss', u'firebergevin', u'LACvsDEN', u'PunBNK48', u'FLZJingleBall', u'Broncos', u'TwitterMomentsOfTheDecade', u'GodSavetheQueen', u'MESSI', u'12DaysOfChristmas', u'AYODHYAVERDICT', u'100DaysNoVikas']",41
2019-12-02 12:29:32,@Adesolami2 They are just one of a kind #Wizkid and #messi,BrOkeMan10,"[u'Wizkid', u'messi']",128
2019-12-02 12:29:28,Come on Messi FC lets follow everyone and crash the twitter after tonights announcement Follow me and i will follow back immediately. Let’s start now !!!!!!! 🔵🔴😊 #MESSI #M6SSI #BallonDor2019,sagarssshinde,"[u'MESSI', u'M6SSI', u'BallonDor2019']",345
2019-12-02 12:29:11,"Instead of his sixth tonight, how many more will he achieve??  #messi #BallonDor2019 https://t.co/rKblamNFg6",analysis_barca,"[u'messi', u'BallonDor2019']",0
2019-12-02 12:29:06,#messi deserves to be#BallonDor2019 and he will get the sixth one,alsopei,[u'messi'],913
2019-12-02 12:28:07,Today is the day then when Leo #Messi lifts his 6 #BallonDor2019,hadiabdullah3,"[u'Messi', u'BallonDor2019']",839
2019-12-02 12:28:03,Who you got to win the Ballon dor 2019? #Messi #VirgilVanDijk #CristianoRonaldo #BallonDor2019  Retweet for Messi Like for Ronaldo  Comment for VVD https://t.co/53TbL9VuiS,SportsRUs19,"[u'Messi', u'VirgilVanDijk', u'CristianoRonaldo', u'BallonDor2019']",257
2019-12-02 12:26:54,@ChampionsLeague @francefootball THE GOAT LEO #MESSI #MessiBallonDor2019 🐐🐐🐐🐐👑👑👑👑 https://t.co/2CWr6x7cgP,barzaboysatadru,"[u'MESSI', u'MessiBallonDor2019']",664
2019-12-02 12:26:25,#BallonDor2019 🎶 let’s talk about SIX baby 🎶 #MESSIX #MessiBallonDor2019 #messi https://t.co/gd2gu3EqfE,JocelynAshante,"[u'BallonDor2019', u'MESSIX', u'MessiBallonDor2019', u'messi']",395
2019-12-02 12:26:18,#BallonDor2019  Messi has been better than any another player for the last season  And Van Dijk or anyone else winning Ballon Dor would be an injustice to him  and to football    - Sincere Real Madrid and Cristiano Ronaldo fan   #LionelMessi #MESSI #MessiBallonDor2019,vinnieMacJr,"[u'BallonDor2019', u'LionelMessi', u'MESSI', u'MessiBallonDor2019']",216
2019-12-02 12:24:16,The reality is that everyone loves Football. And everyone wants their fav player to win but the truth is that this guy is gonna win it and no one can do anything about it.😆😆😆 #BallonDor2019 #MESSI https://t.co/ggh7JV0dkF,SekharHimansh,"[u'BallonDor2019', u'MESSI']",6
2019-12-02 12:24:12,#MESSI delivered a major boost to @FCBarcelona 's #LaLiga title hopes by scoring a late winner in a 1-0 victory at #AtleticoMadrid .  #LaLiga #BarcaAtleti https://t.co/iOlMJg0pQJ,SportsMania_Fan,"[u'MESSI', u'LaLiga', u'AtleticoMadrid', u'LaLiga', u'BarcaAtleti']",77
2019-12-02 12:23:54,@sport this year for #Messi  ..finally there is fair in this life ..cr7 deserve it in 2018 but ..!  anyway i wish to him all the best ..great player all the respect for Cr7 🙏🏻 https://t.co/ZBxrXJy7n8,sofya_leb,[u'Messi'],4630
2019-12-02 12:23:08,@TarekTikiTaka69 @genefave @henni_mo @Benzema 10 buts et #MESSI 9 buts😁 https://t.co/cHBxO4h3kh,foot_aime,[u'MESSI'],4016
2019-12-02 12:22:41,The real greatest of all time ...in no time he is gonna get himself back on track   Highlights here: https://t.co/EeCFNmAGND  #BallonDor2019 #AtletiBarca #Ronaldo #MESSI #BallonDor @Cristiano https://t.co/cP94pPRNDX,LyricsMentos,"[u'BallonDor2019', u'AtletiBarca', u'Ronaldo', u'MESSI', u'BallonDor']",10914
2019-12-02 12:22:30,"Messi 🐐 is the best player on the planet!  It is not until he retires, that we really will understand how good he was!  He makes things that are complicated so easy to do!  #Messi is indeed the #GOAT https://t.co/dO3D0AMeAW",LM_TheBestEver,"[u'Messi', u'GOAT']",61
2019-12-02 12:22:19,"As we all know TROPHIES play vital role in #BallonDor along with goals and assists and #Ronaldo had both of them ,,,,, SO #CristianoRonaldo deserve #BallonDor2019                   And I’m pretty sure that #Messi fans will also agree with me 😩😩😩 https://t.co/jcfcD9dWd3",sana123_2,"[u'BallonDor', u'Ronaldo', u'CristianoRonaldo', u'BallonDor2019', u'Messi']",1426
2019-12-02 12:22:13,#MyMentalHealthIn3Words #Arhaanisback #ManishPandey #BringBaggaBack #bullettrain #ReleaseChidambaram #RelianceJio #MESSI #UAENationalDay https://t.co/yQoIBnkfOa Girlfriend ho tu aisi,firozshah07,"[u'MyMentalHealthIn3Words', u'Arhaanisback', u'ManishPandey', u'BringBaggaBack', u'bullettrain', u'ReleaseChidambaram', u'RelianceJio', u'MESSI', u'UAENationalDay']",2283
2019-12-02 12:22:10,Gonna tell my kids this was Lionel Messi. Because no one can be him #Messi #BallonDor2019 #BallonDor2019 https://t.co/TblXy5N6yA,Anshjai08003018,"[u'Messi', u'BallonDor2019', u'BallonDor2019']",1
2019-12-02 12:22:10,Barcelona's fate depends on this two individuals. Messi deserves the 2019 title.. The guy changes the whole game once the ball is on his feet.   #BallonDor2019  #MESSI  #KOTLoyalsOnly https://t.co/1zmZLvAGAW,dankamaah,"[u'BallonDor2019', u'MESSI', u'KOTLoyalsOnly']",4219
2019-12-02 12:22:09,Hacks on social media accounts   #facebook #twitter #snapschat #instagram #Ronaldo #BallonDor2019 #Messi #TwitterMomentsOfTheDecade #MondayMotivation #mondaythoughts,nkemjay_,"[u'facebook', u'twitter', u'snapschat', u'instagram', u'Ronaldo', u'BallonDor2019', u'Messi', u'TwitterMomentsOfTheDecade', u'MondayMotivation', u'mondaythoughts']",162
2019-12-02 12:21:21,Rooting for the🐐🐐🐐 #BallonDor2019 #MESSI #GOAT https://t.co/5VJnbo8xWt,bitchiamdoreen,"[u'BallonDor2019', u'MESSI', u'GOAT']",22
2019-12-02 12:21:06,Messi fans would not be very happy with your question because  #letsdiskuss #football #Messi #messy  https://t.co/0OeTCZZbxu,Letsdiskuss,"[u'letsdiskuss', u'football', u'Messi', u'messy']",2033
2019-12-02 12:20:52,Soon!  6th #BallonDor Loading for #MESSI #BallonDor2019 https://t.co/12iGUuoBlz,im_abhatti,"[u'BallonDor', u'MESSI', u'BallonDor2019']",74
2019-12-02 12:20:24,Enjoy big match #AtleticoBarcelona in #LaLiga !!! Enjoy great #Messi goal in #LEGO version. [ full video 🎥  https://t.co/upYnQzGOIM ] #AtleticoMadrid #AtléticoDeMadrid #FCB #FCBarcelona #LegoFootball #LegoFutbal #LegoSoccer #LegoSport https://t.co/HotWvL2CGT,LegoFootball,"[u'AtleticoBarcelona', u'LaLiga', u'Messi', u'LEGO', u'AtleticoMadrid', u'Atl\xe9ticoDeMadrid', u'FCB', u'FCBarcelona', u'LegoFootball', u'LegoFutbal', u'LegoSoccer', u'LegoSport']",910
2019-12-02 12:20:17,Tweeter go shut down if messi wins the balon  d or ahead of Ronaldo and van dijk #MESSI #BallonDor2019,official_ade1,"[u'MESSI', u'BallonDor2019']",3082
2019-12-02 12:19:41,He needs a bigger table for his 6th #BallonDor #BallonDor2019 #MESSI https://t.co/DlRATvJj9g,CFC_Avinash,"[u'BallonDor', u'BallonDor2019', u'MESSI']",86
2019-12-02 12:17:22,#BallonDor2019 and #MESSI already trending twitter ain't ready for Messi FC today https://t.co/8jnbmCEydJ,arnab4648,"[u'BallonDor2019', u'MESSI']",1020
2019-12-02 12:16:25,"14"" Magic Flip Tip human hair is available at a promo price oo. Buy and get an Ankara and lashes .#lagos #lagoshairseller #osogbo #tachabbnaija #mercyeke #bbnaija2019 #wizkidayo #ronaldo #messi #bobrisky #jaruma… https://t.co/3YK2fpbb3v",Teecollection1,"[u'lagos', u'lagoshairseller', u'osogbo', u'tachabbnaija', u'mercyeke', u'bbnaija2019', u'wizkidayo', u'ronaldo', u'messi', u'bobrisky', u'jaruma']",159
2019-12-02 12:16:05,Beautiful read.  #Messi #BallonDor  https://t.co/PcmOVFNCyS,KrParajulee,"[u'Messi', u'BallonDor']",9439
2019-12-02 12:15:26,#FAQ: How to deposit using using USSD via VODAFONE  Play here👉 https://t.co/rceiYva7DR Register here👉https://t.co/4s5w1SRvlO . . #Betyetu #CreateABet #TopPlayers #BallonDor2019 #Ronaldo #Messi #VanDijk #Salah #Mane #Juventus #RealMadrid #Roma #Bayern #AskManifest #Vodafone #MTN https://t.co/rirCqa6a0C,betyetughana,"[u'FAQ', u'Betyetu', u'CreateABet', u'TopPlayers', u'BallonDor2019', u'Ronaldo', u'Messi', u'VanDijk', u'Salah', u'Mane', u'Juventus', u'RealMadrid', u'Roma', u'Bayern', u'AskManifest', u'Vodafone', u'MTN']",719
2019-12-02 12:14:54,Hope #BallonDor2019  #MESSI https://t.co/TeKPOdko3J,mjihoait,"[u'BallonDor2019', u'MESSI']",18
2019-12-02 12:14:39,Still looking better than many Bollywood stars....#Brahmastra #MESSI https://t.co/CkrRFEIOWj,iamkeshav_ky,"[u'Brahmastra', u'MESSI']",89
2019-12-02 12:12:33,Ronaldo has the honor to be compared with the Greatest of all time #MESSI🐐 #BallonDor2019 #MESSIX,i_nshtin,"[u'MESSI', u'BallonDor2019', u'MESSIX']",257
2019-12-02 12:12:31,Its lunch time... Will you like to have a taste of this amazing mozzarella recipe? . . . #EchoesOfCalabar #Echoes #Calabar #Nigeria #Messi #BallonDor2019 #Ronaldo #MrPresident #WarriTwitterHangout #OwerriNkwobiTickets #SocialMediaBill https://t.co/gN07dJwOq0,echoesofcalabar,"[u'EchoesOfCalabar', u'Echoes', u'Calabar', u'Nigeria', u'Messi', u'BallonDor2019', u'Ronaldo', u'MrPresident', u'WarriTwitterHangout', u'OwerriNkwobiTickets', u'SocialMediaBill']",4766
2019-12-02 12:10:51,Only for Messi fans like and I will follow you #messi #PromisesMadePromisesKept https://t.co/5yQazVzkVM,xmichael_carter,"[u'messi', u'PromisesMadePromisesKept']",121
2019-12-02 12:10:25,Is this true though? #BallonDor2019 #Messi #VanDijk https://t.co/DLB1grSxth,Tkaynoel,"[u'BallonDor2019', u'Messi', u'VanDijk']",2218
2019-12-02 12:09:36,#Messi #LionelMessi #AtletiBarca #ATLBAR #Barcelona   Very similar to the last minute decider goal at Santiago Bernabéu where he did this🙌 https://t.co/L5tYE00mr8 https://t.co/QogEWQ0roq,AceOfRoyalFlush,"[u'Messi', u'LionelMessi', u'AtletiBarca', u'ATLBAR', u'Barcelona']",75
2019-12-02 12:09:11,@STermined #Messi  I love #Ronaldo too but #Messi is definitely the G.O.A.T. today  #Soccer  #Football  #BallonDor2019 https://t.co/BN2kzuoIlP,Phidd,"[u'Messi', u'Ronaldo', u'Messi', u'Soccer', u'Football', u'BallonDor2019']",1912
2019-12-02 12:09:06,@ChampionsLeague Only one #Messi #MessiBallonDor2019 #Ballondor,Mehreta,"[u'Messi', u'MessiBallonDor2019', u'Ballondor']",55
2019-12-02 12:09:03,Reports: #Messi wins #BallondOr https://t.co/av7M0UN55f https://t.co/mthoMCe4rO,NEWSamSport,"[u'Messi', u'BallondOr']",170
2019-12-02 12:08:48,"Dear Lord, please give me a son with such magical legs and he shall make me proud #MESSI #messilover #barcafan #barcelona #BallonDor2019 https://t.co/FA9Hd7fddo",onuorahamarachi,"[u'MESSI', u'messilover', u'barcafan', u'barcelona', u'BallonDor2019']",553
2019-12-02 12:08:11,I think #Messi is going to be crowned #TheBest FIFA Men's Player. Who do you think will win? https://t.co/vMWAnpMtdj,SBeb21,"[u'Messi', u'TheBest']",1509
2019-12-02 12:07:49,"@Brainsmartive @americaee23 Not that I want #Messi to win per se, but football is a team sport. This price is for a player. Cruyff didn't win 1974. Still the best player at that world cup by far..etc etc etc. #BallonDor2019",Gettunoiu,"[u'Messi', u'BallonDor2019']",885
2019-12-02 12:07:39,I’m retweeting this with faith ☹️🤞🏿.    🚫🧢 #BallonDor2019 #Virgil #Ronaldo #Messi  #Football 🙈🏈&lt;⚽️ #Soccer #IsaidWhatIsaid https://t.co/yClNZeEMOx https://t.co/SUB8JmwYSr,TheComeUpClass,"[u'BallonDor2019', u'Virgil', u'Ronaldo', u'Messi', u'Football', u'Soccer', u'IsaidWhatIsaid']",317
2019-12-02 12:07:34,"I feel happy whenever I see or hear ""Messi"". Maybe it's just me though.🤷‍♂️🙄 He's just too awesome. Unarguably, the rabbit is also very good. Yunno?🤷‍♂️🤷‍♂️#BallonDor2019 #MESSI",Oye_nla,"[u'BallonDor2019', u'MESSI']",32
2019-12-02 12:06:40,"@DeeKurtaj This is what I’m saying. In 2017/18  season #Ronaldo had better stats than #Messi of this season, Cris also won a #ChampionsLeague. But, they gave it to #Modric and not to #Cristiano. This season Messi has the best stats, but didn’t won a Champions League, so Van Dijk deserves.",florentimeraj,"[u'Ronaldo', u'Messi', u'ChampionsLeague', u'Modric', u'Cristiano']",997
2019-12-02 12:06:12,Who will be the winner of  #BallonDor2019 ?  #MESSI  #CristianoRonaldo  #VanDijk,PrinceC90072586,"[u'BallonDor2019', u'MESSI', u'CristianoRonaldo', u'VanDijk']",132
2019-12-02 12:05:56,@LFC Let’s talk about 6️⃣ baby #Messi #BallonDor2019,_0biorah,"[u'Messi', u'BallonDor2019']",160
2019-12-02 12:05:25,It is done 😈 Messi is Football and Football is Messi!! #messi https://t.co/FcjUaGz8ok,NationGreat,[u'messi'],208
2019-12-02 12:05:25,#Messi  he was a true hero for Barcelona yesterday against Atletico Madrid.  #BarcaAtleti https://t.co/bu9v4CZL1M,EditsCalcio,"[u'Messi', u'BarcaAtleti']",17
2019-12-02 12:03:31,#Messi 🐐 Now Barca Attack #BallonDor2019 https://t.co/KKAhm0EGuv,samsite121,"[u'Messi', u'BallonDor2019']",794
2019-12-02 12:03:07,My #BallonDor2019 Top 5 not what I'd pick but what will happen because fifa is a joke and a scam #FIFA and everyone still Sucking  off Liverpool  #BallonDor #Messi #VanDijk #sadiomane  #Ronaldo #Salah 1 Messi 🇦🇷 2 Van Dijk  🇳🇱 3 Mo Salah  🇪🇬 4 Ronaldo 🇵🇹 5 Sadio Mane 🇸🇳,VanDammeBushell,"[u'BallonDor2019', u'FIFA', u'BallonDor', u'Messi', u'VanDijk', u'sadiomane', u'Ronaldo', u'Salah']",441
2019-12-02 12:03:04,"Messi won #FifaTheBest prize, but Van Dijk was the most voted player by the journalists, #BallonDor is all voted from journalists. It is a fact that #VanDijk should win it. #Messi has the best stats, but didn’t win something interesting. #Ronaldo won three trophies last year.🤷🏻‍♂️",florentimeraj,"[u'FifaTheBest', u'BallonDor', u'VanDijk', u'Messi', u'Ronaldo']",997
2019-12-02 12:01:22,"So this is how I was welcomed into December, I hope I replied well my people #mompha #CardiB #Ronaldo #MESSI #BalonDor #mtnbundlesdontexpire #MrPresident https://t.co/u5iFLZ8V8x",Dayve__,"[u'mompha', u'CardiB', u'Ronaldo', u'MESSI', u'BalonDor', u'mtnbundlesdontexpire', u'MrPresident']",42
2019-12-02 12:00:59,Well messi has won it remains announcement The greatest player to ever touch the ball#BallonDor2019 #messi #LionelMessi https://t.co/4rZhO0rsks,no1lagosian,"[u'messi', u'LionelMessi']",212
2019-12-02 12:00:57,IF YOU ARE INTERESTED IN OUR FIXED MATCH TODAY  CALL OR WHATSAPP +2348176784291  #Nigerian #Nigerians #Nigeria #ghana #SouthAfrica #africans #africa @danielmarven @Cutewalterr #JosChilling #OleIn #pique #firpo #AtletiBarca #mtnbundlesdontexpire #MUFC #BallonDor2019 #Messi https://t.co/XNtNyeQCjt,fixedmatch75,"[u'Nigerian', u'Nigerians', u'Nigeria', u'ghana', u'SouthAfrica', u'africans', u'africa', u'JosChilling', u'OleIn', u'pique', u'firpo', u'AtletiBarca', u'mtnbundlesdontexpire', u'MUFC', u'BallonDor2019', u'Messi']",1295
2019-12-02 12:00:04,"“Messi is the best passer, best dribbler, best finisher I’ve ever seen.”   - Gary Lineker  #MESSI #BallonDor  #BallonDor2019  #MESSIX  #MessiBallonDor2019 https://t.co/7OXXwirrmg",Abel60559614,"[u'MESSI', u'BallonDor', u'BallonDor2019', u'MESSIX', u'MessiBallonDor2019']",44
2019-12-02 11:59:50,The Ballon d'Or 2019 winner will be announced in Paris later today.  We'll take a look at the top 3 contenders' (2018/19) season  Could it be the 6th for either #Messi or #Ronaldo?  Or the 1st for #VanDijk?  Who deserve the Ballon d'Or 2019?  #BallonDor2019 #GetSporty #BetSporty https://t.co/10vbdF7vB3,sportybetng,"[u'Messi', u'Ronaldo', u'VanDijk', u'BallonDor2019', u'GetSporty', u'BetSporty']",6706
2019-12-02 11:59:40,#BallonDor2019 #MESSI #MessiBallonDor2019 #BallonDor Picture of the day 📸 https://t.co/ismRvR07r3,Realmusaibrahim,"[u'BallonDor2019', u'MESSI', u'MessiBallonDor2019', u'BallonDor']",2824
2019-12-02 11:58:55,Who's going to win? #BallonDor #Messi #Ronaldo #VanDijk #Salah,tuzuner_kemal,"[u'BallonDor', u'Messi', u'Ronaldo', u'VanDijk', u'Salah']",50
2019-12-02 11:58:50,@FCBarcelona What do you need from the G.O.A.T 🐐 again  King Leo #Messi Messiah of Football @FCBarcelona,nat_ebube,[u'Messi'],1778
2019-12-02 11:57:53,#BallonDor2019 #MESSI #MessiBallonDor2019 #BallonDor God of the game... The God of the game. https://t.co/uxwZqgMHDR,Realmusaibrahim,"[u'BallonDor2019', u'MESSI', u'MessiBallonDor2019', u'BallonDor']",2824
2019-12-02 11:57:10,https://t.co/Lz8M56QyKv  Click to watch Nairamarley leaked sex tape  Don't forget to subscribe and share  #DavidoDidntCum #MrPresident #BallonDor2019 #Messi #OurPerfectWedding #Titans,Officialpstick1,"[u'DavidoDidntCum', u'MrPresident', u'BallonDor2019', u'Messi', u'OurPerfectWedding', u'Titans']",2675
2019-12-02 11:57:06,Who else thinks Ronaldo isn't lucky to be in Messi's era??😒😒 #Messi,Qwamebernard1,[u'Messi'],24
2019-12-02 11:56:34,"🕰️ Flashback! 🕰️  ""Messi is the best player in the world. I think he deserves the Ballon d'Or."" 🏆   Speaking after winning the #UCL in June, Virgil van Dijk backed Lionel Messi to win the #BallonDor   #Messi #VanDijk #Barca #LFC https://t.co/pzEk1a6En3",OmnisportNews,"[u'UCL', u'BallonDor', u'Messi', u'VanDijk', u'Barca', u'LFC']",5448
2019-12-02 11:56:17,One scored the winner.. Other blocked it.  Choose your GOAT wisely. #MessiBallonDor2019 #MESSI #BallonDor2019 #BalaSahebThackeray #GOAT https://t.co/Mp9Wy7nDxI,Realmusaibrahim,"[u'MessiBallonDor2019', u'MESSI', u'BallonDor2019', u'BalaSahebThackeray', u'GOAT']",2824
2019-12-02 11:53:30,"So I hopped on the @5AliveNG competition, about creativity.. Here's the link to the post. Please help like it and tag them. It's not a computer work is hand drawn!🙏 https://t.co/2RCQ7JcRWx   #MessiBallonDor2019 #MESSI #Ronaldo #TachaOurOnlyHype #MondayMotivation #UnbotheredMery https://t.co/TR051d0x5f",I_spitINK,"[u'MessiBallonDor2019', u'MESSI', u'Ronaldo', u'TachaOurOnlyHype', u'MondayMotivation', u'UnbotheredMery']",2714
2019-12-02 11:53:24,"Give the #BallonDor to #VanDijk  The man deserves more than #Ronaldo and #Messi. I’m a big fan of #Cristiano but tbh Van Dijk deserves it. If they give it to Messi, that would be the biggest robbery ever. Ronaldo had better stats last year than Messi this year, but didn’t win it.",florentimeraj,"[u'BallonDor', u'VanDijk', u'Ronaldo', u'Messi', u'Cristiano']",997
2019-12-02 11:52:46,"#BallonDor2019: Finalists, live streaming, time in India (IST) &amp; where to watch on TV  #BallonDor #MESSI #Ronaldo #VanDijk   https://t.co/0wB6y3YCNw",dna,"[u'BallonDor2019', u'BallonDor', u'MESSI', u'Ronaldo', u'VanDijk']",2072972
2019-12-02 11:52:27,Anything else would be wrong.   Numero 6 incoming!!  #BallonDor2019 #MESSI https://t.co/klKvdvbWfP,PBX1_ChelseaFC,"[u'BallonDor2019', u'MESSI']",4161
2019-12-02 11:52:21,"No footballer is ever lucky than #Ronaldo, he always gets front row seats with Mateo Messi to see #Messi win awards.,😂😂 #BallonDor2019",lenrickmongare,"[u'Ronaldo', u'Messi', u'BallonDor2019']",1080
2019-12-02 11:51:59,"Beautiful place with great shows, fantastic choreography, fabulous costumes and wonderful acting &amp; music.. Just want to go there, grab a beer &amp; order one of their delicious pizzas 😍 #Messi #BallonDor2019 #BallonDor @sofya_leb @WeAreMessi @FCBarcelona https://t.co/KBkB9iYkum",puneetbohra12,"[u'Messi', u'BallonDor2019', u'BallonDor']",341
2019-12-02 11:51:57,Diego Simeone has never won a game against Barcelona in his managerial career in La Liga.  #BallonDor2019 #MESSI #AtletiBarca https://t.co/cCOLCou33U,Realmusaibrahim,"[u'BallonDor2019', u'MESSI', u'AtletiBarca']",2824
2019-12-02 11:49:41,Robert Lewandowski is currently in the process of having the greatest season of his career - Minutes per goal or assist = 64 minutes  Minutes per goal or assist for Lionel Messi this season = 58 minutes   Madness.😳 #BallonDor2019 #BallonDor #Lewandowski #MESSI https://t.co/4hvs1wOBDf,Realmusaibrahim,"[u'BallonDor2019', u'BallonDor', u'Lewandowski', u'MESSI']",2824
2019-12-02 11:49:39,TODAY GAME IS OUT . HURRY UP AND PURCHASE NOW BEFORE ITS TOO LATE  TIME : 12:30 PM  CALL OR WHATSAPP +2348134774854  #MondayMotivation #BallonDor2019 #MondayMood #newpacksnaija #Messi #bond #ronaldo #easter #Nigerian #Nigerians #Nigeria #ghana #SouthAfrica #africans #africa https://t.co/TwiXEmZv5C,fixed_chris,"[u'MondayMotivation', u'BallonDor2019', u'MondayMood', u'newpacksnaija', u'Messi', u'bond', u'ronaldo', u'easter', u'Nigerian', u'Nigerians', u'Nigeria', u'ghana', u'SouthAfrica', u'africans', u'africa']",664
2019-12-02 11:49:31,"@FilGoal #portadas Spain , Monday 2, December  #MESSI y el @FCBarcelona_es owners of the weekend https://t.co/Q0fJCkUG6x",Dashboardsport,"[u'portadas', u'MESSI']",494
2019-12-02 11:49:08,It's come 🔥🔥🔥🔥#Messi ❤️🐎🐎🐎 https://t.co/6p53xDpkdL,Ahmed10Roaa,[u'Messi'],517
2019-12-02 11:49:00,"@FCBarcelona I think it is only fair to include Ciutat Esportiva Joan Gamper on this list If Santiago Bernabeu is also here. I mean, both of them are #MESSI‘s training pitch.",alozie_,[u'MESSI'],949
2019-12-02 11:48:29,Driving Tips for drivers on how to drive during harmattan season 1.) Allow More Distance Between Vehicles. ... 2.) Drive slow and cautiously. ... 3.) Use caution at all times. ... 4.) Use fog lights or driving lights (if equipped) ... #Ronaldo #BallonDor2019 Mr President #Messi https://t.co/TxqSiDLY0A,xnetnigeria,"[u'Ronaldo', u'BallonDor2019', u'Messi']",1145
2019-12-02 11:48:23,#MESSI deserves to win the #BallonDor2019 but I lost all respect for the award last year when they gave it Modric and had Messi in 5th place. Can’t be taking seriously after that anymore. Modrić a class player but not the best in the world,cd27_dodge,"[u'MESSI', u'BallonDor2019']",295
2019-12-02 11:46:47,If I was to give the award. Messi Van Dijk Mane Alisson  Salah Ronaldo  Bernardo Silva Frank De jong Aguero Ter Stegen  #BallonDor2019 #MESSI #MESSIX https://t.co/rVuyTt6LZx,bagOfNuts_,"[u'BallonDor2019', u'MESSI', u'MESSIX']",674
2019-12-02 11:46:35,"@beINSPORTS_EN #portadas Espain , Monday 2, December  #MESSI y el @FCBarcelona_es owners of the weekend https://t.co/Q0fJCkUG6x",Dashboardsport,"[u'portadas', u'MESSI']",494
2019-12-02 11:46:09,Today is the day! The Goat and his six Ballon Dor. #BallonDor2019 #MESSI,TheRamiMohamed,"[u'BallonDor2019', u'MESSI']",1476
2019-12-02 11:45:43,"Stop at nothing Dream BIG, Live LARGE, Stay TRUE, Have FAITH, Work SMART AND SUCCEED. . HAPPY NEW MONTH . . videocredit: luxuryworldcentral   #LetsRideTogether #UnbotheredMercy  #BallonDor2019  #MESSI #Ronaldo #TwitterMomentsOfTheDecade https://t.co/8YBZIdoDHs",jekaloHQ,"[u'LetsRideTogether', u'UnbotheredMercy', u'BallonDor2019', u'MESSI', u'Ronaldo', u'TwitterMomentsOfTheDecade']",1251
2019-12-02 11:44:52,@ChampionsLeague #Messi  of course,SerD59827653,[u'Messi'],6
2019-12-02 11:43:48,#Messi and Rapinoe expected to take Ballon d'Or honours https://t.co/2rJigumj67,AO_Sports,[u'Messi'],16998
2019-12-02 11:43:46,@lukamodric10 to present Ballon Dor trophy to Lionel Messi tonight.  #Messi #Modric #BallonDor https://t.co/4RFhlSNGjj,AsimQamar6,"[u'Messi', u'Modric', u'BallonDor']",71
2019-12-02 11:43:13,How people are proud dragging a 34 year old that will be 35 by February amazes me fr 😐 Do you know what 35 in football means ?   35 year old attacker Not center back or goalkeeper o   #Ronaldo #MESSI #BallonDor #BallonDor2019 #CR7,official_micolo,"[u'Ronaldo', u'MESSI', u'BallonDor', u'BallonDor2019', u'CR7']",1434
2019-12-02 11:40:21,If this was any other player it wouldn't be a contest and they'd have given him ballon d'or since june. But it's just another season for messi we're already used to LMAO standards. #messi #BallonDor2019 https://t.co/IFuWV9fXkc,Goldenboycarter,"[u'messi', u'BallonDor2019']",589
2019-12-02 11:40:20,"After this night, we're comparing Leo Messi to legends in other fields  Leo Messi vs Isaac Newton  Leo Messi vs Shakespeare  Leo Messi vs Paul the Apostle  Leo Messi vs Dr Ben Carson  Leo Messi vs Martin Luther  None of that Ronaldo nonsense #BallonDor2019 #messi #Ronaldo",254_django,"[u'BallonDor2019', u'messi', u'Ronaldo']",2
2019-12-02 11:40:18,BallOndDor ceremony is just a formality. We all know the winner #Messi 😯😯😯,SpheGuda,[u'Messi'],3609
