timestamp,tweet_text,username,all_hashtags,retweet_count,favourites_count
2019-12-02 12:47:50,Online poll  Who do you think is gonna win the Ballon’dor 2019?    #BallonDor2019 #BallonDor #UCL #MESSI #Ronaldo #VanDijk,Ibrahim_Bello_,"[u'BallonDor2019', u'BallonDor', u'UCL', u'MESSI', u'Ronaldo', u'VanDijk']",5088
2019-12-02 12:47:14,"@BushyBrows6 @ChampionsLeague Admitting brilliance of an opposing player is difficult. You've done good, sir! Messi is deserving the award this year. Ronaldo has had another great season and he'll be shining once again quite soon I believe. #messi &amp; #ronaldo 💯",CR7LM10stats,"[u'messi', u'ronaldo']",0
2019-12-02 12:43:56,#Ronaldo some of you keep bellying  Ronald without knowing what  Ronald has achieved the whole of generation can never achieve that.....,taiyehassan7,[u'Ronaldo'],54
2019-12-02 12:43:11,It was another weekend of top sporting action across the globe and here are six of the standout performances.⁣⁣ ⁣⁣ #GuardianSports #Iheanacho #Messi #Barcelona #Ronaldo #PremierLeague #Juventus #Champions #Nigeria #Africa #Europe #Football #Soccer #SportsBuzz #TheGuardianNg https://t.co/km0gDJUHS6,GuardianNigeria,"[u'GuardianSports', u'Iheanacho', u'Messi', u'Barcelona', u'Ronaldo', u'PremierLeague', u'Juventus', u'Champions', u'Nigeria', u'Africa', u'Europe', u'Football', u'Soccer', u'SportsBuzz', u'TheGuardianNg']",1461890
2019-12-02 12:41:58,"If #BallonDor2019 comes down to #MESSI and #VanDijk ,Give it to Messi,The two don't campare and Will never.The Only player that can challenge Messi is #Ronaldo . #BallonDor2019  #BallonDor  #MessiBallonDor2019  #Ronaldo  #mondaythoughts",taajir007,"[u'BallonDor2019', u'MESSI', u'VanDijk', u'Ronaldo', u'BallonDor2019', u'BallonDor', u'MessiBallonDor2019', u'Ronaldo', u'mondaythoughts']",539
2019-12-02 12:40:38,"Anyone wanna buy this account? Selling or trading very cheap. My fifa ultimate team is worth over 600k, and comes with a lot of coins. Hmu for more info. #fut #fifa #fifaultimateteam #fifa20        #fut20 #fifacoins #messi #ronaldo #football #soccer #FUTChampions #FUTChamps https://t.co/Lh3gEbQOE9",bradrogers2213,"[u'fut', u'fifa', u'fifaultimateteam', u'fifa20', u'fut20', u'fifacoins', u'messi', u'ronaldo', u'football', u'soccer', u'FUTChampions', u'FUTChamps']",36
2019-12-02 12:39:59,Hmu if you want fifa 20 coins for your fifa 20 ultimate team. Selling cheap lmk. #fut #fifa #fifaultimateteam #fifa20         #fut20 #fifacoins #messi #ronaldo #football #soccer #futchamps #futchampions,bradrogers2213,"[u'fut', u'fifa', u'fifaultimateteam', u'fifa20', u'fut20', u'fifacoins', u'messi', u'ronaldo', u'football', u'soccer', u'futchamps', u'futchampions']",36
2019-12-02 12:39:37,Who do you think should win tonight's Ballon d'Or:  🇦🇷 leomessi 🇳🇱 virgilvandijk 🇵🇹 @cristiano  GO. | coment  👇   #messi #leomessi #lionelmessi #vandijk #virgil #vvd #cristiano #cr7 #ronaldo #cristianoronaldo… https://t.co/P59ivWVB67,ozzyfire06_,"[u'messi', u'leomessi', u'lionelmessi', u'vandijk', u'virgil', u'vvd', u'cristiano', u'cr7', u'ronaldo', u'cristianoronaldo']",675
2019-12-02 12:39:19,"#BallonDor2019 one of the most prestigious awards of the world #football , is found ! Among the 30 person nominees for the Ballon d'Or  men ,#VanDijk  #Ronaldo #MESSI  are among the favorites ! 👉 https://t.co/fIbdJrl5xB https://t.co/RUYX5lExGQ",NewEurobet,"[u'BallonDor2019', u'football', u'VanDijk', u'Ronaldo', u'MESSI']",312
2019-12-02 12:38:33,Messi the GOAT in the eyes of Ronaldo’s former Real Madrid team-mate Casillas #Messi #Ronaldo https://t.co/6WcqTuzAH4,Burtytweets,"[u'Messi', u'Ronaldo']",2292
2019-12-02 12:37:01,"Perez conned Juventus by selling the deadwood at 120million, who eventually will help Inter Milan win the League Title in a decade.  #CristianoRonaldo #Ronaldo https://t.co/43KvkuHj8b",FPLWarrioR,"[u'CristianoRonaldo', u'Ronaldo']",2984
2019-12-02 12:33:21,Click and get the song 'Without You' https://t.co/nZal1RBFgj #DavidoDidntCum #scholes #BallonDor2019 #CardiB #akinalabi #UnbotheredMercy #MrPresident #Ronaldo #Nigerians #osas #MESSI #SocialMediaBill #universityoftransportation #JamesBond #mtnbundlesdontexpire #Davido https://t.co/dNvYR0Tc9W,yakubumohammed_,"[u'DavidoDidntCum', u'scholes', u'BallonDor2019', u'CardiB', u'akinalabi', u'UnbotheredMercy', u'MrPresident', u'Ronaldo', u'Nigerians', u'osas', u'MESSI', u'SocialMediaBill', u'universityoftransportation', u'JamesBond', u'mtnbundlesdontexpire', u'Davido']",67332
2019-12-02 12:30:23,@XxHomeee Hey! Are you a real fan of @realmadrid ? Let's check it out! Challenge yourself with my quiz! 😁https://t.co/jDAr9ePTe4 #realmadrid #realmadridfans #football #soccer #CR7 #ronaldo #halamadrid #cristianoronaldo #sergioramos #benzema,fansquadapp,"[u'realmadrid', u'realmadridfans', u'football', u'soccer', u'CR7', u'ronaldo', u'halamadrid', u'cristianoronaldo', u'sergioramos', u'benzema']",643
2019-12-02 12:24:46,@Sporf @Cristiano Will #Ronaldo win the #BallonDor tonight? Vote and Comment below 👇#Juventus #Football #SerieA #CR7 #Portugal #BallonDor2019 #PitchSideTalk,talk_pitch,"[u'Ronaldo', u'BallonDor', u'Juventus', u'Football', u'SerieA', u'CR7', u'Portugal', u'BallonDor2019', u'PitchSideTalk']",53
2019-12-02 12:22:41,The real greatest of all time ...in no time he is gonna get himself back on track   Highlights here: https://t.co/EeCFNmAGND  #BallonDor2019 #AtletiBarca #Ronaldo #MESSI #BallonDor @Cristiano https://t.co/cP94pPRNDX,LyricsMentos,"[u'BallonDor2019', u'AtletiBarca', u'Ronaldo', u'MESSI', u'BallonDor']",10913
2019-12-02 12:22:19,"As we all know TROPHIES play vital role in #BallonDor along with goals and assists and #Ronaldo had both of them ,,,,, SO #CristianoRonaldo deserve #BallonDor2019                   And I’m pretty sure that #Messi fans will also agree with me 😩😩😩 https://t.co/jcfcD9dWd3",sana123_2,"[u'BallonDor', u'Ronaldo', u'CristianoRonaldo', u'BallonDor2019', u'Messi']",1426
2019-12-02 12:22:09,Hacks on social media accounts   #facebook #twitter #snapschat #instagram #Ronaldo #BallonDor2019 #Messi #TwitterMomentsOfTheDecade #MondayMotivation #mondaythoughts,nkemjay_,"[u'facebook', u'twitter', u'snapschat', u'instagram', u'Ronaldo', u'BallonDor2019', u'Messi', u'TwitterMomentsOfTheDecade', u'MondayMotivation', u'mondaythoughts']",162
2019-12-02 12:22:08,"🚨NEW VIDEO ALERT🚨  Ajebutter22, BOJ &amp; Falz Release Music Video For 'Ronaldo' https://t.co/fEFRVNyHxx 🔥🔥🔥  #RhythmEntertainmentNews #Ajebutter22 #BOJ #Falz #Ronaldo https://t.co/Dp7CS8WcDC",937RhythmFm,"[u'RhythmEntertainmentNews', u'Ajebutter22', u'BOJ', u'Falz', u'Ronaldo']",989344
2019-12-02 12:21:45,Cristiano Ronaldo For Ballon d’Or Award 2019: 3 Reasons Why Juventus Forward Should Win His Sixth Golden Ball @Cristiano #CristianoRonaldo #Ronaldo #BallonDor2019 #BallonDor   https://t.co/7wIoBWjoHb,latestly,"[u'CristianoRonaldo', u'Ronaldo', u'BallonDor2019', u'BallonDor']",47861
2019-12-02 12:16:25,"14"" Magic Flip Tip human hair is available at a promo price oo. Buy and get an Ankara and lashes .#lagos #lagoshairseller #osogbo #tachabbnaija #mercyeke #bbnaija2019 #wizkidayo #ronaldo #messi #bobrisky #jaruma… https://t.co/3YK2fpbb3v",Teecollection1,"[u'lagos', u'lagoshairseller', u'osogbo', u'tachabbnaija', u'mercyeke', u'bbnaija2019', u'wizkidayo', u'ronaldo', u'messi', u'bobrisky', u'jaruma']",159
2019-12-02 12:15:26,#FAQ: How to deposit using using USSD via VODAFONE  Play here👉 https://t.co/rceiYva7DR Register here👉https://t.co/4s5w1SRvlO . . #Betyetu #CreateABet #TopPlayers #BallonDor2019 #Ronaldo #Messi #VanDijk #Salah #Mane #Juventus #RealMadrid #Roma #Bayern #AskManifest #Vodafone #MTN https://t.co/rirCqa6a0C,betyetughana,"[u'FAQ', u'Betyetu', u'CreateABet', u'TopPlayers', u'BallonDor2019', u'Ronaldo', u'Messi', u'VanDijk', u'Salah', u'Mane', u'Juventus', u'RealMadrid', u'Roma', u'Bayern', u'AskManifest', u'Vodafone', u'MTN']",719
2019-12-02 12:15:01,"#Cassano show in tv: ""#Ronaldo ha un problema con #Sarri"" ⬇️ https://t.co/E1ayG0r13u",tuttosport,"[u'Cassano', u'Ronaldo', u'Sarri']",545120
2019-12-02 12:12:31,Its lunch time... Will you like to have a taste of this amazing mozzarella recipe? . . . #EchoesOfCalabar #Echoes #Calabar #Nigeria #Messi #BallonDor2019 #Ronaldo #MrPresident #WarriTwitterHangout #OwerriNkwobiTickets #SocialMediaBill https://t.co/gN07dJwOq0,echoesofcalabar,"[u'EchoesOfCalabar', u'Echoes', u'Calabar', u'Nigeria', u'Messi', u'BallonDor2019', u'Ronaldo', u'MrPresident', u'WarriTwitterHangout', u'OwerriNkwobiTickets', u'SocialMediaBill']",4766
2019-12-02 12:11:04,"#BallonDor2019  #Ronaldo won cups  for his country and still shining ,but continue https://t.co/SqTe9nbybi",vusi_sa,"[u'BallonDor2019', u'Ronaldo']",8938
2019-12-02 12:09:11,@STermined #Messi  I love #Ronaldo too but #Messi is definitely the G.O.A.T. today  #Soccer  #Football  #BallonDor2019 https://t.co/BN2kzuoIlP,Phidd,"[u'Messi', u'Ronaldo', u'Messi', u'Soccer', u'Football', u'BallonDor2019']",1912
2019-12-02 12:07:39,I’m retweeting this with faith ☹️🤞🏿.    🚫🧢 #BallonDor2019 #Virgil #Ronaldo #Messi  #Football 🙈🏈&lt;⚽️ #Soccer #IsaidWhatIsaid https://t.co/yClNZeEMOx https://t.co/SUB8JmwYSr,TheComeUpClass,"[u'BallonDor2019', u'Virgil', u'Ronaldo', u'Messi', u'Football', u'Soccer', u'IsaidWhatIsaid']",317
2019-12-02 12:06:40,"@DeeKurtaj This is what I’m saying. In 2017/18  season #Ronaldo had better stats than #Messi of this season, Cris also won a #ChampionsLeague. But, they gave it to #Modric and not to #Cristiano. This season Messi has the best stats, but didn’t won a Champions League, so Van Dijk deserves.",florentimeraj,"[u'Ronaldo', u'Messi', u'ChampionsLeague', u'Modric', u'Cristiano']",997
2019-12-02 12:04:46,Cristiano Ronaldo for Manchester United in the 2007/08 Premier League season:  • 34 games • 31 goals • 6 assists  Directly involved in 37 goals in 34 games. 😍  #Ronaldo #Juventus https://t.co/WWVDWdeYep,FIML22,"[u'Ronaldo', u'Juventus']",35
2019-12-02 12:03:07,My #BallonDor2019 Top 5 not what I'd pick but what will happen because fifa is a joke and a scam #FIFA and everyone still Sucking  off Liverpool  #BallonDor #Messi #VanDijk #sadiomane  #Ronaldo #Salah 1 Messi 🇦🇷 2 Van Dijk  🇳🇱 3 Mo Salah  🇪🇬 4 Ronaldo 🇵🇹 5 Sadio Mane 🇸🇳,VanDammeBushell,"[u'BallonDor2019', u'FIFA', u'BallonDor', u'Messi', u'VanDijk', u'sadiomane', u'Ronaldo', u'Salah']",441
2019-12-02 12:03:04,"Messi won #FifaTheBest prize, but Van Dijk was the most voted player by the journalists, #BallonDor is all voted from journalists. It is a fact that #VanDijk should win it. #Messi has the best stats, but didn’t win something interesting. #Ronaldo won three trophies last year.🤷🏻‍♂️",florentimeraj,"[u'FifaTheBest', u'BallonDor', u'VanDijk', u'Messi', u'Ronaldo']",997
2019-12-02 12:01:22,"So this is how I was welcomed into December, I hope I replied well my people #mompha #CardiB #Ronaldo #MESSI #BalonDor #mtnbundlesdontexpire #MrPresident https://t.co/u5iFLZ8V8x",Dayve__,"[u'mompha', u'CardiB', u'Ronaldo', u'MESSI', u'BalonDor', u'mtnbundlesdontexpire', u'MrPresident']",42
2019-12-02 11:59:50,The Ballon d'Or 2019 winner will be announced in Paris later today.  We'll take a look at the top 3 contenders' (2018/19) season  Could it be the 6th for either #Messi or #Ronaldo?  Or the 1st for #VanDijk?  Who deserve the Ballon d'Or 2019?  #BallonDor2019 #GetSporty #BetSporty https://t.co/10vbdF7vB3,sportybetng,"[u'Messi', u'Ronaldo', u'VanDijk', u'BallonDor2019', u'GetSporty', u'BetSporty']",6706
2019-12-02 11:58:55,Who's going to win? #BallonDor #Messi #Ronaldo #VanDijk #Salah,tuzuner_kemal,"[u'BallonDor', u'Messi', u'Ronaldo', u'VanDijk', u'Salah']",50
2019-12-02 11:56:13,"And imagine, #Ronaldo won a Champions League, had the best individuale stats and they didn’t give the #BallonDor to him, but to #Modric who was a World Cup finalist. Now, giving the #BallonDor to Messi without being a #ChampionsLeague holder, instead of Van Dijk IT IS A ROBBERY! https://t.co/eopgaSl2G8",florentimeraj,"[u'Ronaldo', u'BallonDor', u'Modric', u'BallonDor', u'ChampionsLeague']",997
2019-12-02 11:53:30,"So I hopped on the @5AliveNG competition, about creativity.. Here's the link to the post. Please help like it and tag them. It's not a computer work is hand drawn!🙏 https://t.co/2RCQ7JcRWx   #MessiBallonDor2019 #MESSI #Ronaldo #TachaOurOnlyHype #MondayMotivation #UnbotheredMery https://t.co/TR051d0x5f",I_spitINK,"[u'MessiBallonDor2019', u'MESSI', u'Ronaldo', u'TachaOurOnlyHype', u'MondayMotivation', u'UnbotheredMery']",2714
2019-12-02 11:53:24,"Give the #BallonDor to #VanDijk  The man deserves more than #Ronaldo and #Messi. I’m a big fan of #Cristiano but tbh Van Dijk deserves it. If they give it to Messi, that would be the biggest robbery ever. Ronaldo had better stats last year than Messi this year, but didn’t win it.",florentimeraj,"[u'BallonDor', u'VanDijk', u'Ronaldo', u'Messi', u'Cristiano']",997
2019-12-02 11:52:46,"#BallonDor2019: Finalists, live streaming, time in India (IST) &amp; where to watch on TV  #BallonDor #MESSI #Ronaldo #VanDijk   https://t.co/0wB6y3YCNw",dna,"[u'BallonDor2019', u'BallonDor', u'MESSI', u'Ronaldo', u'VanDijk']",2072973
2019-12-02 11:52:21,"No footballer is ever lucky than #Ronaldo, he always gets front row seats with Mateo Messi to see #Messi win awards.,😂😂 #BallonDor2019",lenrickmongare,"[u'Ronaldo', u'Messi', u'BallonDor2019']",1080
2019-12-02 11:50:43,"Gary Neville:  🗣 ""He's thinking of Pelé, those numbers, those scandalous numbers that you believe nobody will ever get over. And for me, Cristiano is going in that direction. I think he's going to play longer than Messi and in the end will do even more amazing things.""  #Ronaldo https://t.co/I1bD1f2C7c",Realmusaibrahim,[u'Ronaldo'],2825
2019-12-02 11:49:39,TODAY GAME IS OUT . HURRY UP AND PURCHASE NOW BEFORE ITS TOO LATE  TIME : 12:30 PM  CALL OR WHATSAPP +2348134774854  #MondayMotivation #BallonDor2019 #MondayMood #newpacksnaija #Messi #bond #ronaldo #easter #Nigerian #Nigerians #Nigeria #ghana #SouthAfrica #africans #africa https://t.co/TwiXEmZv5C,fixed_chris,"[u'MondayMotivation', u'BallonDor2019', u'MondayMood', u'newpacksnaija', u'Messi', u'bond', u'ronaldo', u'easter', u'Nigerian', u'Nigerians', u'Nigeria', u'ghana', u'SouthAfrica', u'africans', u'africa']",665
2019-12-02 11:48:29,Driving Tips for drivers on how to drive during harmattan season 1.) Allow More Distance Between Vehicles. ... 2.) Drive slow and cautiously. ... 3.) Use caution at all times. ... 4.) Use fog lights or driving lights (if equipped) ... #Ronaldo #BallonDor2019 Mr President #Messi https://t.co/TxqSiDLY0A,xnetnigeria,"[u'Ronaldo', u'BallonDor2019', u'Messi']",1145
2019-12-02 11:45:43,"Stop at nothing Dream BIG, Live LARGE, Stay TRUE, Have FAITH, Work SMART AND SUCCEED. . HAPPY NEW MONTH . . videocredit: luxuryworldcentral   #LetsRideTogether #UnbotheredMercy  #BallonDor2019  #MESSI #Ronaldo #TwitterMomentsOfTheDecade https://t.co/8YBZIdoDHs",jekaloHQ,"[u'LetsRideTogether', u'UnbotheredMercy', u'BallonDor2019', u'MESSI', u'Ronaldo', u'TwitterMomentsOfTheDecade']",1251
2019-12-02 11:43:28,"In 2008, Cristiano Ronaldo won the Ballon D'Or Award.   #Ronaldo #cr7 #BallonDor2019 https://t.co/dHdFDmQq1v",ipremarshi,"[u'Ronaldo', u'cr7', u'BallonDor2019']",4666
2019-12-02 11:43:13,How people are proud dragging a 34 year old that will be 35 by February amazes me fr 😐 Do you know what 35 in football means ?   35 year old attacker Not center back or goalkeeper o   #Ronaldo #MESSI #BallonDor #BallonDor2019 #CR7,official_micolo,"[u'Ronaldo', u'MESSI', u'BallonDor', u'BallonDor2019', u'CR7']",1434
2019-12-02 11:40:20,"After this night, we're comparing Leo Messi to legends in other fields  Leo Messi vs Isaac Newton  Leo Messi vs Shakespeare  Leo Messi vs Paul the Apostle  Leo Messi vs Dr Ben Carson  Leo Messi vs Martin Luther  None of that Ronaldo nonsense #BallonDor2019 #messi #Ronaldo",254_django,"[u'BallonDor2019', u'messi', u'Ronaldo']",2
2019-12-02 11:33:24,"Good Afternoon Lionel Messi Stans, as we bring the 6th ballon d’or home today, let us keep the heat on Penaldo fans, no sleep for the wicked #BallonDor2019 #Ronaldo",Dan_the_Bank,"[u'BallonDor2019', u'Ronaldo']",3800
2019-12-02 11:32:53,Who will the @francefootball .... #BallonDor2019 #UCL #Ronaldo #MessiBallonDor2019 @Cristiano https://t.co/eRElXcr25x,amedeka_yayra,"[u'BallonDor2019', u'UCL', u'Ronaldo', u'MessiBallonDor2019']",202
2019-12-02 11:31:53,@SergioRamos  Checkout @Cristiano @ChampionsLeague as good person  #MESSI #Ronaldo #Portugal   https://t.co/Q8z4UrjwVs,sachinrn81,"[u'MESSI', u'Ronaldo', u'Portugal']",2
2019-12-02 11:31:36,"Let’s get your opinions, who should be the #BallonDor2019?   #Messi #VanDijk #Ronaldo #Salah #Mane #BallonDor",TheMVP_Podcast,"[u'BallonDor2019', u'Messi', u'VanDijk', u'Ronaldo', u'Salah', u'Mane', u'BallonDor']",882
2019-12-02 11:29:53,"So apparently this is a leak of who will win the #BallonDor2019 tonight, what do you guys think? 🤔  Does Messi deserve it ahead of Van Dijk?   #BallonDor  #Messi #VanDijk #Ronaldo https://t.co/rbSeolZjrq",TheMVP_Podcast,"[u'BallonDor2019', u'BallonDor', u'Messi', u'VanDijk', u'Ronaldo']",882
2019-12-02 11:29:42,Who will win the 2019 Ballon d'Or❓🤔  ✨The winner will be announced in Paris on 2 December 2019.  #BallonDor2019 #BallonDor #MESSI #VanDijk #Ronaldo @premierleague @LaLiga https://t.co/GMUIcFuVRP,sports_xplore,"[u'BallonDor2019', u'BallonDor', u'MESSI', u'VanDijk', u'Ronaldo']",64
2019-12-02 11:29:26,Anyone got a ronaldo Fc chat I could join?  I’m new to this   #ronaldo #cr7 #goat,CRonaldoo7777,"[u'ronaldo', u'cr7', u'goat']",1
2019-12-02 11:16:54,#BallonDor2019 whom do you think will emerge as a winner today? #MessiBallonDor2019 #CR7 #Ronaldo #CristianoRonaldo #VirgilVanDijk #BallonDor #LionelMessi #MESSI #messi,imkarthickRj,"[u'BallonDor2019', u'MessiBallonDor2019', u'CR7', u'Ronaldo', u'CristianoRonaldo', u'VirgilVanDijk', u'BallonDor', u'LionelMessi', u'MESSI', u'messi']",11
2019-12-02 11:16:30,#mahrez Had a better season than #Messi and #Ronaldo he was more accurate than the two of them he won the #EPL and #AfricanNationCup  He deserves the #BallonDor2019,heisenbergWarne,"[u'mahrez', u'Messi', u'Ronaldo', u'EPL', u'AfricanNationCup', u'BallonDor2019']",18
2019-12-02 11:14:52,And people trust this bank with their hard earn money  #BallonDor2019 #mtnbundlesdontexpire #DavidoinJos #Ronaldo #MESSI https://t.co/nVP1zrW8Rq,balogunpeace1,"[u'BallonDor2019', u'mtnbundlesdontexpire', u'DavidoinJos', u'Ronaldo', u'MESSI']",27
2019-12-02 11:13:16,Ronaldo getting ready for the Balon d’Or ceremony when he knows he’s not winning anything #BallonDor2019 #MESSI #Ronaldo #VanDijk https://t.co/XUF67Hta4B,Vintage_Klopp,"[u'BallonDor2019', u'MESSI', u'Ronaldo', u'VanDijk']",69
2019-12-02 11:13:09,"Oya the festive season is upon us, which of these shoes will you want as gift during this festive season?   #efccfightsforyou #FireboyDML #fireboy #AkinAlabi #Ronaldo #BallonDor2019 #Atiku #Messi #DavidoInJos #davidodidntcum #Davido #TundeEdnut #AudioMoney",Tolu_ex,"[u'efccfightsforyou', u'FireboyDML', u'fireboy', u'AkinAlabi', u'Ronaldo', u'BallonDor2019', u'Atiku', u'Messi', u'DavidoInJos', u'davidodidntcum', u'Davido', u'TundeEdnut', u'AudioMoney']",3368
2019-12-02 11:05:46,"Na when we blow our sextape go leak, now that we are nothing no one is tryna bring us down.. Funny world.. ☺ #mtnbundlesdontexpire #BallonDor2019 #Ronaldo #MessiBallonDor2019 #MrPresident",Dayve__,"[u'mtnbundlesdontexpire', u'BallonDor2019', u'Ronaldo', u'MessiBallonDor2019', u'MrPresident']",42
2019-12-02 11:04:06,2k retweets and I’ll recreate this with my boys😂😂😂😂 #Messi #Ronaldo #BallonDor2019 #BallonDor #mondaythoughts #DavidoinJos https://t.co/DMGYOizAO3,MikeAce_,"[u'Messi', u'Ronaldo', u'BallonDor2019', u'BallonDor', u'mondaythoughts', u'DavidoinJos']",75
2019-12-02 11:03:15,Leaked #BallonDor2019 draw #messi #fcb #vvd #liverpool #Ronaldo https://t.co/xuoxH2Sk5b,jwbcfc7,"[u'BallonDor2019', u'messi', u'fcb', u'vvd', u'liverpool', u'Ronaldo']",6
2019-12-02 11:02:57,Who is the world best footballer  #MESSI #Ronaldo #Benzama #LuizSuraez #Fifa @BarcaAcademy @realmadrid @fcbarcelona_tr,asmirameer1,"[u'MESSI', u'Ronaldo', u'Benzama', u'LuizSuraez', u'Fifa']",9
2019-12-02 11:00:25,"Cant wait for tonight  Or Ronaldo wins the Ballon and we are all happy, or Virgil needs to win  Cant stand that Uefalona running with the prize  #Ronaldo #BallonDor2019",pmatos9_juve,"[u'Ronaldo', u'BallonDor2019']",125
2019-12-02 11:00:09,"Leonardo da vinci said: Sport is the source of all life. Ronaldo is the most qualified to interpret this sentence Cannot be him, but can have his equipment! CyberMonday,link:https://t.co/Gu66mThyET #gogoalshop #CyberMonday #barca #football #Ronaldo #psg #Wholesaleprice #messi https://t.co/UJEAGSCGtF",Gogoalshop_vip,"[u'gogoalshop', u'CyberMonday', u'barca', u'football', u'Ronaldo', u'psg', u'Wholesaleprice', u'messi']",351
2019-12-02 11:00:07,"Leonardo da vinci said: Sport is the source of all life. Ronaldo is the most qualified to interpret this sentence Cannot be him, but can have his equipment! CyberMonday Exclusive code:E10,https://t.co/I5WNFG5zUq #Elmontyouthsoccer #CyberMonday #barca #football #Ronaldo #psg https://t.co/OwNKz9totO",Elmontyouthsoc1,"[u'Elmontyouthsoccer', u'CyberMonday', u'barca', u'football', u'Ronaldo', u'psg']",8
2019-12-02 11:00:05,"Leonardo da vinci said: Sport is the source of all life. Ronaldo is the most qualified to interpret this sentence Cannot be him, but can have his equipment! CyberMonday,link:https://t.co/X3355O9076 #Elmontyouthsoccer #CyberMonday #barca #football #Ronaldo #psg #Wholesaleprice https://t.co/NbjwSIVRhY",goaljerseys,"[u'Elmontyouthsoccer', u'CyberMonday', u'barca', u'football', u'Ronaldo', u'psg', u'Wholesaleprice']",40
2019-12-02 11:00:01,"Leonardo da vinci said: Sport is the source of all life. Ronaldo is the most qualified to interpret this sentence Cannot be Ronaldo, but can have his equipment! #Soccerdealshop @soccerdealshop buy link: https://t.co/dN3bTqoJPl #barca #footballgames #footballplayer #Ronaldo #psg https://t.co/RWEmmkMfrX",soccerdealshop,"[u'Soccerdealshop', u'barca', u'footballgames', u'footballplayer', u'Ronaldo', u'psg']",367
2019-12-02 10:59:57,TODAY GAME IS OUT . HURRY UP AND PURCHASE NOW BEFORE ITS TOO LATE  TIME : 12:30 PM   WHATSAPP +2349020188427  #MondayMotivation #BallonDor2019 #MondayMood #newpacksnaija #Messi #bond #ronaldo #easter #Nigerian #Nigerians #Nigeria #ghana #SouthAfrica #africans #africa https://t.co/5y6Zzw2M7T,MRBESTFIXED1,"[u'MondayMotivation', u'BallonDor2019', u'MondayMood', u'newpacksnaija', u'Messi', u'bond', u'ronaldo', u'easter', u'Nigerian', u'Nigerians', u'Nigeria', u'ghana', u'SouthAfrica', u'africans', u'africa']",715
2019-12-02 10:57:11,"#BallonDor2019 Winner set to be announced this evening, Who will you support?   Here is our Support for the idol Messi   #BallonDor2019 #elmonthyouth #messi #ronaldo #specialoffer https://t.co/JKfYoiPwGj",Elmontyouthsoc1,"[u'BallonDor2019', u'BallonDor2019', u'elmonthyouth', u'messi', u'ronaldo', u'specialoffer']",8
2019-12-02 10:56:06,Cristiano Ronaldo wins Balon d'or   #prank of the day 😂  #CR7 #CristianoRonaldo #messi #VVD #mane #BalonDor #BalonDeOro2019 #football #soccer #Ronaldo #LionelMessi https://t.co/WNrTauLkxh,jsbiko,"[u'prank', u'CR7', u'CristianoRonaldo', u'messi', u'VVD', u'mane', u'BalonDor', u'BalonDeOro2019', u'football', u'soccer', u'Ronaldo', u'LionelMessi']",18
2019-12-02 10:54:47,"I swear if I were Ronaldo.. I would change club this summer or retire... This dude is not producing anything for the club yet, he wants to start every match.. All he does now is stays inside the penalty box..  Am a Stan but fuck he's having so many bad games. #ronaldo.. 🚶🏽",Tayorjay2,[u'ronaldo'],145
2019-12-02 10:49:10,Who deserves this year’s ballon d’ore #BallonDor2019 #BallonDor #MESSI #Ronaldo #VVD,AlisonSlanza1,"[u'BallonDor2019', u'BallonDor', u'MESSI', u'Ronaldo', u'VVD']",1039
2019-12-02 10:48:36,🥳🥳Start of the last month of 2019   🏃‍♂️🏃‍♂️How about some special offers?   #Messi #Ronaldo #BallonDor2019 #Winner #gogoalshop #specialoffer https://t.co/VpI9oZ1BAY,Gogoalshop_vip,"[u'Messi', u'Ronaldo', u'BallonDor2019', u'Winner', u'gogoalshop', u'specialoffer']",351
2019-12-02 10:47:15,Who do you think will win the #BallonDor2019? 🤔 #CristianoRonaldo or #Messi  Vote below! 💯  @Cristiano @TeamMessi  #ronaldo #BallonDor #MondayMood #BalondeOro #BalonDeOro2019,Karsello,"[u'BallonDor2019', u'CristianoRonaldo', u'Messi', u'ronaldo', u'BallonDor', u'MondayMood', u'BalondeOro', u'BalonDeOro2019']",81
2019-12-02 10:46:51,Hey I'm online now and hacking accounts x social media   #facebook #twitter #snapschat #instagram #Ronaldo #BallonDor2019 #Messi #TwitterMomentsOfTheDecade #MondayMotivation #mondaythoughts,nkemjay_,"[u'facebook', u'twitter', u'snapschat', u'instagram', u'Ronaldo', u'BallonDor2019', u'Messi', u'TwitterMomentsOfTheDecade', u'MondayMotivation', u'mondaythoughts']",162
2019-12-02 10:45:02,Who will win the BallonDor2019 Like for Messi Retweet for Ronaldo Comment if it will not be one of them #BallonDor2019 #MESSI  #Ronaldo https://t.co/4VhmADsRLY,FundzUnlimited,"[u'BallonDor2019', u'MESSI', u'Ronaldo']",179
2019-12-02 10:43:30,Who can scoup the #BallonDor2019  tonight   #mondaythoughts #MondayMood #MESSI #Ronaldo #LFC #PL #PremierLeague #LaLiga #Var #BarcaAtleti #AtletiBarca #SerieA #JuveSassuolo #francefootball,IAMSADDAMHUSZEN,"[u'BallonDor2019', u'mondaythoughts', u'MondayMood', u'MESSI', u'Ronaldo', u'LFC', u'PL', u'PremierLeague', u'LaLiga', u'Var', u'BarcaAtleti', u'AtletiBarca', u'SerieA', u'JuveSassuolo', u'francefootball']",976
2019-12-02 10:42:47,"@Hez_mykel Which 15 years are you tlking about ?? When #Ronaldo won 5 BallonDor's ?Or the 4 years Ronaldo won 4 UCL's with Real Madrid (Top Scrore every time) ? Or when Ronaldo won  #Euro16  or UNL ....  !!! NO one hates Messi so give him #BallonDor2019 . that's your argument simply, lol 😆",kartikminhas,"[u'Ronaldo', u'Euro16', u'BallonDor2019']",272
2019-12-02 10:41:42,Who's gonne win the #BallonDor2019?  30 nominees but only 1 winner.   #Ronaldo #MESSI #VanDijk #uefa,PlayerMatchCom,"[u'BallonDor2019', u'Ronaldo', u'MESSI', u'VanDijk', u'uefa']",221
2019-12-02 10:41:08,TODAY GAME IS OUT . HURRY UP AND PURCHASE NOW BEFORE ITS TOO LATE  TIME : 12:30 PM  CALL OR WHATSAPP +2347066729120  #BallonDor2019 #ronaldo #messi #mtnbundlesdontexpire #davidodidntcum #newpacksnaija #DavidoinJos #TachaOurOnlyHype @mrJason100sure1 https://t.co/I58VMNwJrW,mrJason100sure1,"[u'BallonDor2019', u'ronaldo', u'messi', u'mtnbundlesdontexpire', u'davidodidntcum', u'newpacksnaija', u'DavidoinJos', u'TachaOurOnlyHype']",1595
2019-12-02 10:40:50,"On this day, in 2008, then-Manchester United player .@Cristiano won his first #BallonDor  And today he has five.  #Ronaldo https://t.co/ctNugDuP2M",OffsideTheory,"[u'BallonDor', u'Ronaldo']",235
2019-12-02 10:40:35,Virgil van Dijk already feels like a winner after being nominated for this year's Ballon d'Or. . . . #BallondOr #VanDijk #Liverpool #EPL #Messi #Ronaldo #FranceFootball https://t.co/U7W6bueHSz,365Scores,"[u'BallondOr', u'VanDijk', u'Liverpool', u'EPL', u'Messi', u'Ronaldo', u'FranceFootball']",16065
2019-12-02 10:40:25,TODAY GAME IS OUT . HURRY UP AND PURCHASE NOW BEFORE ITS TOO LATE  TIME : 12:30 PM   WHATSAPP +2349016457525  #MondayMotivation #BallonDor2019 #MondayMood #newpacksnaija #Messi #bond #ronaldo #easter #Nigerian #Nigerians #Nigeria #ghana #SouthAfrica #africans #africa https://t.co/8z74khB17q,MRELTONFIXEDODD,"[u'MondayMotivation', u'BallonDor2019', u'MondayMood', u'newpacksnaija', u'Messi', u'bond', u'ronaldo', u'easter', u'Nigerian', u'Nigerians', u'Nigeria', u'ghana', u'SouthAfrica', u'africans', u'africa']",2533
2019-12-02 10:38:15,"Apart Messi &amp; Ronaldo, Which Of These 7 Liverpool Players Deserves To Win Ballon D’or? https://t.co/Bedc8WaXr6  #2019BallonDor #BallonDor2019 #BallonDor #Liverpool #MessiBallonDor2019 #Messi #Ronaldo #VVD #Salah #Mane #LFC #Messi700 #CristianoRonaldo #France #MondayMood #football https://t.co/cbWPrF4t8q",naijaloveinfo,"[u'2019BallonDor', u'BallonDor2019', u'BallonDor', u'Liverpool', u'MessiBallonDor2019', u'Messi', u'Ronaldo', u'VVD', u'Salah', u'Mane', u'LFC', u'Messi700', u'CristianoRonaldo', u'France', u'MondayMood', u'football']",731
2019-12-02 10:37:01,#BallonDor2019 #BallonDor  #Messi to #Ronaldo and #VirgilVanDijk ... https://t.co/K80wrJ3O9V,Amit94157091,"[u'BallonDor2019', u'BallonDor', u'Messi', u'Ronaldo', u'VirgilVanDijk']",5
2019-12-02 10:35:46,TODAY GAME IS OUT . HURRY UP AND PURCHASE NOW BEFORE ITS TOO LATE  TIME : 12:30 PM  CALL OR WHATSAPP +2348129998048  #BallonDor2019 #ronaldo #messi #mtnbundlesdontexpire #davidodidntcum #newpacksnaija #DavidoinJos #TachaOurOnlyHype #atiku #UnbotheredMercy #MondayMood https://t.co/de6V3ZRKTL,MJacksonodds,"[u'BallonDor2019', u'ronaldo', u'messi', u'mtnbundlesdontexpire', u'davidodidntcum', u'newpacksnaija', u'DavidoinJos', u'TachaOurOnlyHype', u'atiku', u'UnbotheredMercy', u'MondayMood']",344
2019-12-02 10:33:37,Hey I'm online now and hacking accounts   #facebook #twitter #snapschat #instagram #Ronaldo #BallonDor2019 #Messi #TwitterMomentsOfTheDecade #MondayMotivation #mondaythoughts #Bond,nkemjay_,"[u'facebook', u'twitter', u'snapschat', u'instagram', u'Ronaldo', u'BallonDor2019', u'Messi', u'TwitterMomentsOfTheDecade', u'MondayMotivation', u'mondaythoughts', u'Bond']",162
2019-12-02 10:33:33,TODAY GAME IS OUT . HURRY UP AND PURCHASE NOW BEFORE ITS TOO LATE  TIME : 12:30 PM  CALL OR WHATSAPP +2347017363974  #BallonDor2019 #ronaldo #messi #mtnbundlesdontexpire #davidodidntcum #newpacksnaija #DavidoinJos #TachaOurOnlyHype #atiku #UnbotheredMercy #MondayMood #easter https://t.co/fhGmEweGt4,frank_fixed,"[u'BallonDor2019', u'ronaldo', u'messi', u'mtnbundlesdontexpire', u'davidodidntcum', u'newpacksnaija', u'DavidoinJos', u'TachaOurOnlyHype', u'atiku', u'UnbotheredMercy', u'MondayMood', u'easter']",3414
2019-12-02 10:31:48,On this day @Cristiano won his first Ballon d'Or   Will he pick up another tonight?  . #UCL #football #Ronaldo #CR7 #award #OTD #sportzcraazy #followus https://t.co/MxCKuAOinu,sportzcraazy,"[u'UCL', u'football', u'Ronaldo', u'CR7', u'award', u'OTD', u'sportzcraazy', u'followus']",123
2019-12-02 10:30:26,@BlancosKsa Hey! Are you a real fan of @realmadrid ? Let's check it out! Challenge yourself with my quiz! 😁https://t.co/jDAr9ePTe4 #realmadrid #realmadridfans #football #soccer #CR7 #ronaldo #halamadrid #cristianoronaldo #sergioramos #benzema,fansquadapp,"[u'realmadrid', u'realmadridfans', u'football', u'soccer', u'CR7', u'ronaldo', u'halamadrid', u'cristianoronaldo', u'sergioramos', u'benzema']",643
2019-12-02 10:29:18,"LIST OF ODDS AND PRICES AVAILABLE TODAY   DAILY SUBSCRIPTION  100.5 Odds = ₦ 20,000   251 Odds  = ₦ 25,000  322 Odds  = ₦ 30,000  Which odd do you want to pay for?  CONTACT ME ON 📞 +2348159625282 #AtletiBarca #BallonDor2019 #Batwoman #Ronaldo #Messi",betsmasterpro1,"[u'AtletiBarca', u'BallonDor2019', u'Batwoman', u'Ronaldo', u'Messi']",1067
2019-12-02 10:27:45,Three players playing at three different positions from #Liverpool in the top 5 contenders for #BallonDor2019 . Says a lot about the shape this team is in. They are competing against the obvious two... #Messi #Ronaldo,rajan_saurav,"[u'Liverpool', u'BallonDor2019', u'Messi', u'Ronaldo']",41
2019-12-02 10:27:41,"TODAY'S EARLY KICKOFF GAMES ARE ROLLING OUT NOW, MAKE YOURSELF WIN EARLIER TODAY  THINK BETSMASTER PLAY BETSMASTER WIN  BETSMASTER  #BallonDor2019 #NewPacksNaija #AkinAlabi #MrPresident #Happy30th #Easter #Messi #Nigeria #Bond #Ronaldo #Ruiz #AnthonyJoshua #Independence #Tyler https://t.co/etEZ513mHB",betsmasterpro1,"[u'BallonDor2019', u'NewPacksNaija', u'AkinAlabi', u'MrPresident', u'Happy30th', u'Easter', u'Messi', u'Nigeria', u'Bond', u'Ronaldo', u'Ruiz', u'AnthonyJoshua', u'Independence', u'Tyler']",1067
2019-12-02 10:26:28,TODAY'S BANGER TICKET💰💰 OUT NOW. HURRY UP AND PURCHASE NOW.  TIME : 12:30 PM  CALL OR WHATSAPP +2348124877243  #BallonDor2019 #ronaldo #messi #mtnbundlesdontexpire #davidodidntcum #newpacksnaija #DavidoinJos #atiku #UnbotheredMercy #MondayMood #easter https://t.co/sVJAaDGT8V,Realjohnsonbets,"[u'BallonDor2019', u'ronaldo', u'messi', u'mtnbundlesdontexpire', u'davidodidntcum', u'newpacksnaija', u'DavidoinJos', u'atiku', u'UnbotheredMercy', u'MondayMood', u'easter']",721
2019-12-02 10:25:22,TODAY'S BANGER TICKET💰💰 OUT NOW. HURRY UP AND PURCHASE NOW.  TIME : 12:30 PM  CALL OR WHATSAPP +23488124877243  #BallonDor2019 #ronaldo #messi #mtnbundlesdontexpire #davidodidntcum #newpacksnaija #DavidoinJos #atiku #UnbotheredMercy #MondayMood #easter https://t.co/sVJAaDGT8V,Realjohnsonbets,"[u'BallonDor2019', u'ronaldo', u'messi', u'mtnbundlesdontexpire', u'davidodidntcum', u'newpacksnaija', u'DavidoinJos', u'atiku', u'UnbotheredMercy', u'MondayMood', u'easter']",721
2019-12-02 10:24:27,TODAY GAME IS OUT . HURRY UP AND PURCHASE NOW BEFORE ITS TOO LATE  TIME : 12:30 PM  CALL OR WHATSAPP +2349016694576   #BallonDor2019 #ronaldo #messi #mtnbundlesdontexpire #davidodidntcum #newpacksnaija #DavidoinJos #TachaOurOnlyHype #atiku #UnbotheredMercy #MondayMood #easter https://t.co/6d7Be5MCt4,Winingtips1,"[u'BallonDor2019', u'ronaldo', u'messi', u'mtnbundlesdontexpire', u'davidodidntcum', u'newpacksnaija', u'DavidoinJos', u'TachaOurOnlyHype', u'atiku', u'UnbotheredMercy', u'MondayMood', u'easter']",13816
2019-12-02 10:24:15,TODAY GAME IS OUT . HURRY UP AND PURCHASE NOW BEFORE ITS TOO LATE  TIME : 12:30 PM  CALL OR WHATSAPP +2348124935043   #BallonDor2019 #ronaldo #messi #mtnbundlesdontexpire #davidodidntcum #newpacksnaija #DavidoinJos #TachaOurOnlyHype #atiku #UnbotheredMercy #MondayMood #easter https://t.co/PAXreyBOwW,mrjamesreal,"[u'BallonDor2019', u'ronaldo', u'messi', u'mtnbundlesdontexpire', u'davidodidntcum', u'newpacksnaija', u'DavidoinJos', u'TachaOurOnlyHype', u'atiku', u'UnbotheredMercy', u'MondayMood', u'easter']",2946
2019-12-02 10:24:13,Vote for ballon de Or  #BallonDor2019  #BallonDor  #MESSI  #Ronaldo,WasayTahir1,"[u'BallonDor2019', u'BallonDor', u'MESSI', u'Ronaldo']",20
2019-12-02 10:21:05,"Very soon there will be an intense Ronaldo and Messi debate, before it begins, just watch this 👇  #Ronaldo #MESSI #BallonDor2019 https://t.co/7oBkof1IQi",ZoneTrendz,"[u'Ronaldo', u'MESSI', u'BallonDor2019']",70
2019-12-02 10:19:25,Nothing is guaranteed #MeToo #Ronaldo for #BallonDor2019,babajide_16,"[u'MeToo', u'Ronaldo', u'BallonDor2019']",77
2019-12-02 10:15:50,"⚽OUR TODAY EARLY KICK OFF IS HERE AGAIN 👌🏽, DON'T MISS OUT ⚽  IF YOU ARE INTERESTED AND READY TO MAKE PAYMENT FOR OUR FIRST GAME.  KICK OFF : 12:30 PM/GMT  CALL ME OR WHATSAPP ME ON +2347084100326. #JosChilling #Davido #BallonDor2019 #Messi #Ronaldo #MrPresident #firebergevin https://t.co/PrdwCUEFfR",gamearenafixedd,"[u'JosChilling', u'Davido', u'BallonDor2019', u'Messi', u'Ronaldo', u'MrPresident', u'firebergevin']",922
