timestamp,tweet_text,username,all_hashtags,retweet_count,favourites_count
2019-12-03 12:16:00,Credits unknown to me....  Maar dit is hilarisch! Go #MateoMessi   #BallonDor #Ronaldo https://t.co/vJQkhuXqCP,MarB____,"[u'MateoMessi', u'BallonDor', u'Ronaldo']",109
2019-12-03 12:11:38,Lionel Messi wins the Ballon d'Or for a record sixth time. Is he the best ever? #debate #messi #ronaldo #success https://t.co/KtvtNnWuml,AsmEmployment,"[u'debate', u'messi', u'ronaldo', u'success']",16
2019-12-03 12:11:06,Cristiano #Ronaldo's sister in furious rant at Virgil Van Dijk and Liverpool after Ballon d'Or comments - Liverpool Echo #LFC 🏴󠁧󠁢󠁥󠁮󠁧󠁿 #Premier_League  https://t.co/8h22ta5PoD,footy90com,"[u'Ronaldo', u'LFC', u'Premier_League']",56458
2019-12-03 12:10:46,The energy✊🏿 The vibes✊🏿 #Ronaldo @Cristiano https://t.co/tWGXcr2jaB,musa__sg,[u'Ronaldo'],418
2019-12-03 12:09:57,Its all about the first ever home &amp; maintenance App in Ghana.  PEPs APP-click the link below to download the App from google play store for FREE! https://t.co/MWYwbi0uKG #Ronaldo  #ghana #SaveOurData https://t.co/M0AZ83pnsJ,PeponiGruppe,"[u'Ronaldo', u'ghana', u'SaveOurData']",19
2019-12-03 12:09:37,To all Messi Fan   You're just like a Goat setting in a comfort zone.  #Ronaldo is Lord of football https://t.co/9PUiR4yPKc,Deenedge,[u'Ronaldo'],405
2019-12-03 12:08:43,Ronaldo fans should realize that the highest praise to say of Ronaldo is that he was the only player who got close to challenging Messi at the pinnacle of football #Messi #Ronaldo,Dan_the_Bank,"[u'Messi', u'Ronaldo']",3734
2019-12-03 12:01:12,Türkiye’nin #BallonDor ’daki tercihleri;  1️⃣ #VanDijk 2️⃣ #Ronaldo 3️⃣ #Mbappe 4️⃣ #Salah 5️⃣ #Messi https://t.co/V76vtaASoI,DeportesReports,"[u'BallonDor', u'VanDijk', u'Ronaldo', u'Mbappe', u'Salah', u'Messi']",23717
2019-12-03 12:00:58,‘Ronaldo wants Ballon d’Or at Juventus &amp; will stay’ – Paratici plays down exit talk around Portuguese #CR7 #Ronaldo https://t.co/DAPfeffOQu,Burtytweets,"[u'CR7', u'Ronaldo']",2291
2019-12-03 12:00:54,Big virgil touched a nerve with #ronaldo sister. 😭😭😂,seannm93,[u'ronaldo'],300
2019-12-03 11:56:53,"A reminder that football didn't start with #Messi and #Ronaldo😉 ""No O'Connell = no Cruyff, no Iniesta, no Messi"" The Irishman who saved Barça from Franco. @Paulmcgrath5 @alexclapham @NutmegMagazine @TomHock1 @OliverKayTimes @Groundtastic @RorySmith https://t.co/Hp9zEv9WrB",DonPatricioFILM,"[u'Messi', u'Ronaldo']",992
2019-12-03 11:56:51,"It seems that #ronaldo needs his sister to defend him, from a joke made by another great football player. Now isn't that the cutest thing ever,  poor little man. @piersmorgan is just being the usual idiot, nothing new there. No worries @VirgilvDijk next 1  https://t.co/rTTsKH3wLS",ReggieCuriel,[u'ronaldo'],393
2019-12-03 11:56:13,#WordPress #shopifystore #woocommerce  product selling website builder is here. Let's discuss this. https://t.co/RM4P9tYYMt #WordPress   #elementor #divi #developers #ASCILITE2019 #EATJINCAFESG  #ARSD #Ronaldo #IDPWD #SpotifyWrapped  #DoritosDew https://t.co/q4qMdNFGNU https://t.co/dHrEdkeYb3,ictsamidul,"[u'WordPress', u'shopifystore', u'woocommerce', u'WordPress', u'elementor', u'divi', u'developers', u'ASCILITE2019', u'EATJINCAFESG', u'ARSD', u'Ronaldo', u'IDPWD', u'SpotifyWrapped', u'DoritosDew']",57
2019-12-03 11:55:20,@afnkhr #ronaldo shit...,marzaynmalik,[u'ronaldo'],76
2019-12-03 11:53:49,If I speak I'm in trouble! #Ronaldo https://t.co/NnUzXRhlm5,BruceHendrxx,[u'Ronaldo'],4155
2019-12-03 11:53:38,"Top 5 latest #SportsGames for #PC #PS4 #XboxOne of 2019. Hope you enjoyed it 😊.. Please like, share and SUBSCRIBE to my #youtube channel.. #tech #onlinegaming #gameplay #videogameaddict #PES20 #nfl20 #FIFA20 #NBA2K20 #cricket19 #messi #Ronaldo https://t.co/nS2SMFSyyd",KabaPoint,"[u'SportsGames', u'PC', u'PS4', u'XboxOne', u'youtube', u'tech', u'onlinegaming', u'gameplay', u'videogameaddict', u'PES20', u'nfl20', u'FIFA20', u'NBA2K20', u'cricket19', u'messi', u'Ronaldo']",95
2019-12-03 11:53:26,#WordPress #shopifystore #woocommerce  product selling website builder is here. Let's discuss this. https://t.co/q4qMdNFGNU #WordPress   #elementor #divi #developers #ASCILITE2019 #EATJINCAFESG  #ARSD #Ronaldo #IDPWD #SpotifyWrapped  #DoritosDew https://t.co/zdouINfvjX https://t.co/457yCQTDOd,ictsamidul,"[u'WordPress', u'shopifystore', u'woocommerce', u'WordPress', u'elementor', u'divi', u'developers', u'ASCILITE2019', u'EATJINCAFESG', u'ARSD', u'Ronaldo', u'IDPWD', u'SpotifyWrapped', u'DoritosDew']",57
2019-12-03 11:52:35,Aww! Muslim UNIABUJA SUG President Proposes To Christian Girlfriend On Signing Out (Photo) https://t.co/zX9zuUi0ol  #TachaThanksUtvGhana #Messi #Ronaldo #BallonDor2019 #BallonDor #EverythingTacha #leomessi #TwitterMomentOfTheDecade,Dammysnew,"[u'TachaThanksUtvGhana', u'Messi', u'Ronaldo', u'BallonDor2019', u'BallonDor', u'EverythingTacha', u'leomessi', u'TwitterMomentOfTheDecade']",3848
2019-12-03 11:52:22,Türkiye’nin #BallonDor’daki tercihleri;  1️⃣ #VanDijk 2️⃣ #Ronaldo 3️⃣ #Mbappe 4️⃣ #Salah 5️⃣ #Messi https://t.co/ZDDwE8vxTl,yenisafakspor,"[u'BallonDor', u'VanDijk', u'Ronaldo', u'Mbappe', u'Salah', u'Messi']",88828
2019-12-03 11:51:31,Graphic: Police officer allegedly shoots truck driver dead for refusing to hand him N100 bribe in Ondo https://t.co/g1sPUlyKf6  #TachaThanksUtvGhana #Messi #Ronaldo #BallonDor2019 #BallonDor #EverythingTacha #leomessi #TwitterMomentOfTheDecade,Dammysnew,"[u'TachaThanksUtvGhana', u'Messi', u'Ronaldo', u'BallonDor2019', u'BallonDor', u'EverythingTacha', u'leomessi', u'TwitterMomentOfTheDecade']",3848
2019-12-03 11:50:46,I call on President Buhari to show support for Anthony Joshua as he puts Nigeria on the world stage against Ruiz – Ben Bruce https://t.co/cKWZEWwxs8  #TachaThanksUtvGhana #Messi #Ronaldo #BallonDor2019 #BallonDor #EverythingTacha #leomessi #TwitterMomentOfTheDecade,Dammysnew,"[u'TachaThanksUtvGhana', u'Messi', u'Ronaldo', u'BallonDor2019', u'BallonDor', u'EverythingTacha', u'leomessi', u'TwitterMomentOfTheDecade']",3848
2019-12-03 11:50:33,"Personally, I'll Say they are on the same level, cause #Ronaldo is the true definition of an athlete. Hardwork, determination, and ability to take on challenges #Messi also is a once in a lifetime gift from God. They are different and GREAT in their own right #BallonDor2019",JoshuaAyeni9,"[u'Ronaldo', u'Messi', u'BallonDor2019']",5
2019-12-03 11:49:46,@uchejombo He is now team #Ronaldo 😂,gloriaojiebun,[u'Ronaldo'],11
2019-12-03 11:48:36,Kill them all #Ronaldo https://t.co/aKbQo9Cy6i,yusufcagay04,[u'Ronaldo'],99
2019-12-03 11:47:40,"With due respect, but i think you do  not understand how Ballon D’or works. It is awarded based on votes from international journalists, national team coaches and captains. It does not matter who wins anything. It is strictly based on these votes.  #BallonDor  #Messi  #Ronaldo https://t.co/DvJCL0bLGh",perplexed_ustaz,"[u'BallonDor', u'Messi', u'Ronaldo']",6479
2019-12-03 11:46:46,#WordPress #shopifystore #woocommerce  product selling website builder is here. Let's discuss this. https://t.co/SCZ6AUKWpw #WordPress   #elementor #divi #developers #ASCILITE2019 #EATJINCAFESG  #ARSD #Ronaldo #IDPWD #SpotifyWrapped  #DoritosDew https://t.co/bDvxLvpqst,ictsamidul,"[u'WordPress', u'shopifystore', u'woocommerce', u'WordPress', u'elementor', u'divi', u'developers', u'ASCILITE2019', u'EATJINCAFESG', u'ARSD', u'Ronaldo', u'IDPWD', u'SpotifyWrapped', u'DoritosDew']",57
2019-12-03 11:46:38,What do twitter family feel about this lemme know.  Dropping my EP this December 29  #stay #BalondeOro #grevedu5decembre #ARMYSelcaDay #MAMA2019 #Messi #ابو_مطلق #peloton #hdfcbankdown #우리의_약속을_지키자 #NATO #Ronaldo #Mark https://t.co/0IKFyqXUwl,SauceFela,"[u'stay', u'BalondeOro', u'grevedu5decembre', u'ARMYSelcaDay', u'MAMA2019', u'Messi', u'\u0627\u0628\u0648_\u0645\u0637\u0644\u0642', u'peloton', u'hdfcbankdown', u'\uc6b0\ub9ac\uc758_\uc57d\uc18d\uc744_\uc9c0\ud0a4\uc790', u'NATO', u'Ronaldo', u'Mark']",134
2019-12-03 11:45:43,We worked on the Visual brand identity for @isellrnigeria   #messi #ronaldo #BallonDor2020  #iphone 6 https://t.co/UzpSXTnQAP,AtsueJustice,"[u'messi', u'ronaldo', u'BallonDor2020', u'iphone']",115
2019-12-03 11:45:30,"So I refrained from coming on here yesterday coz I know it'll be flooded with #BallonDor #MESSIX #Ronaldo stuffs. I'm here now but apparently, the flood is yet to dry off. Ba bye🚶🏽 I'm retreating back to my shell🐚",HusnahDy,"[u'BallonDor', u'MESSIX', u'Ronaldo']",923
2019-12-03 11:45:14,https://t.co/KRH3XLGpX9 Sale!!! Was £22.50 Now £12 #RealMadrid #Real #Madrid #Bernabeu #SantiagoBernabeu #Cristiano #CristianoRonaldo #Ronaldo #SergioRamos #Ramos #GarethBale #Bale #Madridista #LosBlancos #LaLiga #Football #Subbuteo #Retro #White #Zidane #UCL #Sale #HalaMadrid,thefruitboiler,"[u'RealMadrid', u'Real', u'Madrid', u'Bernabeu', u'SantiagoBernabeu', u'Cristiano', u'CristianoRonaldo', u'Ronaldo', u'SergioRamos', u'Ramos', u'GarethBale', u'Bale', u'Madridista', u'LosBlancos', u'LaLiga', u'Football', u'Subbuteo', u'Retro', u'White', u'Zidane', u'UCL', u'Sale', u'HalaMadrid']",133
2019-12-03 11:44:53,Messi fans be like : Messi is a more complete player than Ronaldo because he can score and assist Hehehe fucking clowns 🤡😂#ronaldo #BallonDor,TwinsToluwalope,"[u'ronaldo', u'BallonDor']",307
2019-12-03 11:44:23,Im work massage relaxing in dubai  Full service w/ap +971557160311 #SaudiArabia #saudi  #ksa_sports #KSAUHS #marina #albasha #tecom #downtown #jbr #palm #sportcity #jvc #dubaibar #DubaiEconomy #kuwait #Turkey #EmiratesFACup #dubaihotel #Atlantis #businessbay #Ronaldo #ksa_sports https://t.co/95xG6WBhDw,Vicky76826567,"[u'SaudiArabia', u'saudi', u'ksa_sports', u'KSAUHS', u'marina', u'albasha', u'tecom', u'downtown', u'jbr', u'palm', u'sportcity', u'jvc', u'dubaibar', u'DubaiEconomy', u'kuwait', u'Turkey', u'EmiratesFACup', u'dubaihotel', u'Atlantis', u'businessbay', u'Ronaldo', u'ksa_sports']",9
2019-12-03 11:43:30,"When i (corper) remember the day i said shouted ""God Forbid, i can never be a teacher!"" See me now  PPA: URBANDAY SEC SCH, ILE- IFE 🤣🤣🤣🤣 #Nigerians #MESSIX #Ronaldo  #IDPD2019  #Breakinglimits  #TuesdayMotivation #TachaOurOnlyHype https://t.co/QjjZkT9nCx",simplypadijesu,"[u'Nigerians', u'MESSIX', u'Ronaldo', u'IDPD2019', u'Breakinglimits', u'TuesdayMotivation', u'TachaOurOnlyHype']",50
2019-12-03 11:40:09,Get familiar with the brand and put some respect on it!!! @bigiano coming in hot  #bobrisky #ronaldo #instablog9ja #ballondor https://t.co/b6purSFl8Z,iseeamg29,"[u'bobrisky', u'ronaldo', u'instablog9ja', u'ballondor']",1865
2019-12-03 11:37:38,#messi #ronaldo #piers #iphone6 pretty girl gruesomely murdered by boyfriend because of iPhone 6 https://t.co/qeJ7n8WmGW https://t.co/eT7WZdbe6u,samxpress9,"[u'messi', u'ronaldo', u'piers', u'iphone6']",2
2019-12-03 11:36:41,⚽️❤️Ballon d'Or 2019:  ‼️‼️Ballon d'Or 2019: Lionel Messi beats Virgil van Dijk &amp; Cristiano Ronaldo wins a record sixth Ballon D'or   😍Real WINNER of Life   #Elmontyouthsoccer #BallonDor2019 #CyberMonday #barca #football #Messi #vanDijk #Ronaldo https://t.co/v5piEralrZ,Elmontyouthsoc1,"[u'Elmontyouthsoccer', u'BallonDor2019', u'CyberMonday', u'barca', u'football', u'Messi', u'vanDijk', u'Ronaldo']",8
2019-12-03 11:35:06,"Unique men shoe designs, 100% leather, sole 100% rubber sizes 40-45 now available. Deliveries done countrywide. Call 0720729651 #Messi #TuesdayMotivation #TuesdayThoughts #Ronaldo #Nairobi #ArrestSonko https://t.co/FNQ2Qb2kGh",anthonymwangi41,"[u'Messi', u'TuesdayMotivation', u'TuesdayThoughts', u'Ronaldo', u'Nairobi', u'ArrestSonko']",330
2019-12-03 11:34:45,IF YOU ARE INTERESTED IN OUR FIXED MATCH TODAY  CALL OR WHATSAPP  +2348176784291  #ronaldo #messi #BallonDor2019 #goat #Modric #UBABirthdays #drogba #Cristiano #BalonDor #virgil #mane #fifa #fool #Argentina #ewure #daura #mateo #siri #CODCarol #Giannis #sneijder #Maradona #mane https://t.co/OwZ2nnfWI2,fixedmatch75,"[u'ronaldo', u'messi', u'BallonDor2019', u'goat', u'Modric', u'UBABirthdays', u'drogba', u'Cristiano', u'BalonDor', u'virgil', u'mane', u'fifa', u'fool', u'Argentina', u'ewure', u'daura', u'mateo', u'siri', u'CODCarol', u'Giannis', u'sneijder', u'Maradona', u'mane']",1294
2019-12-03 11:34:34,"People will soon start breaking bottle on this Ronaldo Messi fight 😀😀😀 Am a Messi fan but then you can't dispute the fact that Ronaldo is one of the best to ever do it 👏👏👏 but put some respect on Messi""s name 👁️👁️ #Messi #Messi #Messi #BalondeOro #Ronaldo",Narty_boy_,"[u'Messi', u'Messi', u'Messi', u'BalondeOro', u'Ronaldo']",649
2019-12-03 11:33:55,@amaka_MM This is what's meant to be trending and not all this @__Mbah bald guy shit 😒😒😏 @Famez_vv @Cutewalterr @chemicalbrodar @RealDreylo  #IWTT #TuesdayMotivation #TuesdayThoughts #Messi #Ronaldo #SaveOurData #COP25  Please please please you guys should help retweet this 🙏🙏🙏🙏🙏🙏,belikepresh,"[u'IWTT', u'TuesdayMotivation', u'TuesdayThoughts', u'Messi', u'Ronaldo', u'SaveOurData', u'COP25']",1511
2019-12-03 11:32:52,Kids are so adorable and their beautiful smiles deserve to be captured as they are   WhatsApp 0781115492 for a shoot Outdoor shoot starts at R500/hr I also do event shoots with prices starting from R1500 #TuesdayMotivation #947takealot #Messi #Ronaldo #DJSBU #StrongerTogether https://t.co/CqxwU8cKwy,EphyramM,"[u'TuesdayMotivation', u'947takealot', u'Messi', u'Ronaldo', u'DJSBU', u'StrongerTogether']",10
2019-12-03 11:31:35,Come and beat this Mourinho all time team. #Messi #Ronaldo #TuesdayMotivation https://t.co/u0t2Keimr4,Femchilin,"[u'Messi', u'Ronaldo', u'TuesdayMotivation']",556
2019-12-03 11:31:09,"If Neymar was who achieve what Mane did, he would have won but sorry Mane is a black man.  #Ronaldo #Messi #BallonDor",CosmicRayTV1,"[u'Ronaldo', u'Messi', u'BallonDor']",4966
2019-12-03 11:30:15,"#SAYHELLO to your #cleanair future @ our desk  #IoTNext19, Taj Yeshwanthpur, Dec 2-3. We salute #football wizard #Messi for #BallonDor2019 #Ronaldo  Like his #BarcaBVB we constantly win aginst #AirPollution @TuesdayThoughts #RaiseIoTquotient #PureSkies https://t.co/A17qkyvzAN https://t.co/MWwBUyyC6H",DevicEarth,"[u'SAYHELLO', u'cleanair', u'IoTNext19', u'football', u'Messi', u'BallonDor2019', u'Ronaldo', u'BarcaBVB', u'AirPollution', u'RaiseIoTquotient', u'PureSkies']",61
2019-12-03 11:29:48,"LIST OF ODDS AND PRICES AVAILABLE TODAY   DAILY SUBSCRIPTION  112 Odds = ₦ 20,000   260 Odds  = ₦ 25,000  318 Odds  = ₦ 30,000  Which odd do you want to pay for?   CONTACT ME ON 📞 +2348159625282. #Ronaldo #NATO",Dynastyodds,"[u'Ronaldo', u'NATO']",1043
2019-12-03 11:29:23,"APGA: One Party, Many Voices #BallonDor2019 #Ronaldo https://t.co/J1GGWoKZ9z",anaedoonline,"[u'BallonDor2019', u'Ronaldo']",525
2019-12-03 11:28:39,DON'T HESITATE TO DROP YOUR INBOX MESSAGES OR CALL 📞 +2348159625282 IF YOU ARE INTERESTED IN ANY OUR ODDS OR INQUIRY/COMPLAIN AM ALWAYS AVAILABLE TO REPLY YOUR MESSAGES  DYNASTY✅ #BallonDor2019 #Ronaldo #Mane #VanDijk #RIPAnele #ManUtd #Iran #Argentina #Shiloh2019,Dynastyodds,"[u'BallonDor2019', u'Ronaldo', u'Mane', u'VanDijk', u'RIPAnele', u'ManUtd', u'Iran', u'Argentina', u'Shiloh2019']",1043
2019-12-03 11:26:58,Watch Pakistani Reaction on #ShankaraReShankara song  #Tanhaji #tanhajitraileronnov19 #ajaydevgnffilms #Ronaldo #Lahore #Christmas  https://t.co/CIjvAYkqtT,Y9Haider,"[u'ShankaraReShankara', u'Tanhaji', u'tanhajitraileronnov19', u'ajaydevgnffilms', u'Ronaldo', u'Lahore', u'Christmas']",0
2019-12-03 11:26:04,"Zlatan Ibrahimovic:  ""Cristiano Ronaldo got tired of watching Messi win the Ballon d'Or from the best seat so he decided not to attend the ceremony."" Typical Zlatan. #BalondeOro #Ronaldo #Messi https://t.co/GmTsfUqcJd",s_ammariqbal,"[u'BalondeOro', u'Ronaldo', u'Messi']",525
2019-12-03 11:25:07,Ronaldo Snubs Ballon D’Or; Messi Wins Sixth Award; Rapinoe Makes History #Ronaldo #Messi #BallonDOr https://t.co/PWZQ01lTZh,techcentrik,"[u'Ronaldo', u'Messi', u'BallonDOr']",76
2019-12-03 11:24:10,I will tell my kids this was Lionel Messi😄😄 #Messi  #BalondeOro  #Ronaldo  #TuesdayThoughts https://t.co/1Y70iFfIVL,MirabillsE,"[u'Messi', u'BalondeOro', u'Ronaldo', u'TuesdayThoughts']",180
2019-12-03 11:23:06,"It was a strategy made two years ago in order to get messi more Ballon dor than Ronaldo. Messi has same amount of goals now which Ronaldo had during 17/18. Still Ronaldo lost even though he had champions league at that time, which messi doesn't have right now. #messi #ronaldo https://t.co/bwpWwUOjCd",heisenberg6985,"[u'messi', u'ronaldo']",186
2019-12-03 11:22:54,"Abuja peeps, are you looking for where to hold your end of the year party at affordable price? You should stop searching. @TheCansNg is your right stop for events, meetings and conferences.  #Ronaldo #Africa #Abuja #Events #Coworkingspace #BallonDor2019 https://t.co/xG0cb585iz",oluwakays,"[u'Ronaldo', u'Africa', u'Abuja', u'Events', u'Coworkingspace', u'BallonDor2019']",4246
2019-12-03 11:22:52,Looking at #Messi's stats for the 2018/19 season and wondering why #Cristiano #Ronaldo did not win the #BallonDor2018   Something doesn't smell right,EleshiJustine,"[u'Messi', u'Cristiano', u'Ronaldo', u'BallonDor2018']",726
2019-12-03 11:22:38,"Christmas promo!!!! Get 30% off all sneakers,kindly check our page on instagram for more Glitzwears #Messi #QuickLoansNoExcuses #TuesdayMorning #Ronaldo https://t.co/A54hY12zDt",honeeeykan,"[u'Messi', u'QuickLoansNoExcuses', u'TuesdayMorning', u'Ronaldo']",15
2019-12-03 11:19:55,Wallpaper Tuesday...  #Ronaldo #BalondeOro #Messi https://t.co/5eAID7ka50,Jphotomoralism1,"[u'Ronaldo', u'BalondeOro', u'Messi']",1256
2019-12-03 11:19:47,Working on something new  From Botswana to Mexico 🛫🛬 #BallonDor2019  #Ronaldo  #MAMA2019  #GOAT  #goodmusic  #TMEC  #kontrakulturna  #MexicoCity  #Maun  #Tmz https://t.co/bqgXiDQNB4,BwRasta,"[u'BallonDor2019', u'Ronaldo', u'MAMA2019', u'GOAT', u'goodmusic', u'TMEC', u'kontrakulturna', u'MexicoCity', u'Maun', u'Tmz']",2
2019-12-03 11:19:41,In case you DITCHED it to collect a fake award you BOUGHT @Cristiano #Ronaldo   🤣🤣🤣🤣🤣🤣🤣🤣🤣🤣🤣 https://t.co/kYIedj2riW,Alecia69825937,[u'Ronaldo'],240
2019-12-03 11:17:59,#Messi #Ronaldo #Mark #BalondeOro   please reply me https://t.co/wOv1a4Mnm6,vinayka59670035,"[u'Messi', u'Ronaldo', u'Mark', u'BalondeOro']",874
2019-12-03 11:17:26,BUSTED: WOMAN FINDS OUT HER HUSBAND HAS BEEN HAVING SEX WITH HER MARRIED BIOLOGICAL SISTER - https://t.co/UBUXcXUvjb  #hotjist #hotgist  #Tuesdaymotivation #Messi #Ronaldo #Tuesdaymorning #saveourdata #barfest #iPhone6 #Drogba #Tuesdaythoughts #GOAT,hotjist,"[u'hotjist', u'hotgist', u'Tuesdaymotivation', u'Messi', u'Ronaldo', u'Tuesdaymorning', u'saveourdata', u'barfest', u'iPhone6', u'Drogba', u'Tuesdaythoughts', u'GOAT']",8531
2019-12-03 11:17:03,"Wait, so now he has recruited his SISTER to defend him on social media 🤣🤣🤣🤣  I bet it's because he's throwing a TANTRUM at home 🤣🤣🤣🤣🤣  #Ronaldo https://t.co/R9Vh95YN7x",Alecia69825937,[u'Ronaldo'],240
2019-12-03 11:16:54,GOAT ❤🐐 #Ronaldo,1881Ek,[u'Ronaldo'],4842
2019-12-03 11:14:23,Why don't you make throw pillows tjat special gift you will be gifting to your loved one's in this season of gift sharing and you will be forever appreciated. We are always open to your patronage. Contact us on 08104398698 #Ronaldo https://t.co/9OAig8LW6Z,rizzy_guy,[u'Ronaldo'],1192
2019-12-03 11:13:44,"In this world it is not necessarily what people think is the way, you maybe.....  in the eyes of everyone. Do you all feel the same? 😜 Put on your equipment and show them.⚽⚽️️ Sharing it for free.  link:https://t.co/Brs7ZFqxZI #Soccerdealshop #Juventus #Ronaldo #king #messi https://t.co/xANaraWzXT",DejaeghereMilan,"[u'Soccerdealshop', u'Juventus', u'Ronaldo', u'king', u'messi']",155
2019-12-03 11:12:25,Online and hacking   #Iphone6 #Ronaldo #BLACKCOFFEE #Blackwindow #Piers #Messi #Madrid #Perez #TuesdayThoughts__  #VanDijk #Ballon #dubai #uk #us #canada #spain #UAENationalDay  #hacker #Credit #creditscore #Creditrepair #Australia,nkemjay_,"[u'Iphone6', u'Ronaldo', u'BLACKCOFFEE', u'Blackwindow', u'Piers', u'Messi', u'Madrid', u'Perez', u'TuesdayThoughts__', u'VanDijk', u'Ballon', u'dubai', u'uk', u'us', u'canada', u'spain', u'UAENationalDay', u'hacker', u'Credit', u'creditscore', u'Creditrepair', u'Australia']",159
2019-12-03 11:11:52,The Best in the World #Ronaldo https://t.co/3FCZszR2X9,semihguler34,[u'Ronaldo'],11
2019-12-03 11:11:11,"Someone just said ""Ronaldo is COW""  Azin he meant Champion Of the World 😂😂😂😂😂😂😂😂😂😂😂😂😂😂😂😂😂😂😂😂😂😂😂😂😂😂😂😂😂😂😂 Ronaldo fans y'all should just stop and use your number 6 Ooppss! Y'all can't relate😂 #BallonDor2019 #Ronaldo #MessiBallonDor2019",jivaska_umar,"[u'BallonDor2019', u'Ronaldo', u'MessiBallonDor2019']",318
2019-12-03 11:07:36,Forget #iPhone11  #iphone6 #BallonDor2019 #Ronaldo #drogba fess. Do you know all these are on 20% off discount? They are going for #4800 only + a little complimentary gift. https://t.co/oVXZYHl2ME,omotolaaaaaa,"[u'iPhone11', u'iphone6', u'BallonDor2019', u'Ronaldo', u'drogba']",239
2019-12-03 11:06:02,If Messi was 5th last year..Then Ronaldo deserved to be 10th this year.   #BallonDor #MESSIX #GOATisCuler #Ronaldo https://t.co/qirwUAikIx,Shrestha1810,"[u'BallonDor', u'MESSIX', u'GOATisCuler', u'Ronaldo']",99
2019-12-03 11:06:00,G.O.A.T is Only @Cristiano He is THE One &amp; Only #Ronaldo https://t.co/yXhqHTSTcc,JeSuis4Peace,[u'Ronaldo'],1555
2019-12-03 11:05:53,Me looking up at the two GOAT🐐🐐 like guys na only una 😫😫  Messi Ronaldo #BallonDor2019 #Ronaldo #Messi https://t.co/ykzkPRgycj,Eminence_Tobi,"[u'BallonDor2019', u'Ronaldo', u'Messi']",2288
2019-12-03 11:03:00,"Ronaldo not showing up to the Balon D’or just because he knew he lost in the leaked results.  That’s some real childish and petty shit man...  Messi is a much more humble and respectful professional.  Yours truly, Ronaldo fan 😪  #Messi6 #Ronaldo",ChelseaCF7,"[u'Messi6', u'Ronaldo']",1223
2019-12-03 11:02:47,Football Twitter  right now . #Messi fans and #Ronaldo fans . https://t.co/Hjx03ZaT8m,JCurtis_Dyson,"[u'Messi', u'Ronaldo']",85
2019-12-03 11:02:15,In this era of football I really am disappointed with the young and other players that they cannot step up their game. #BallonDor2019 #Ronaldo #Messi10,Engr_IsmaelYau,"[u'BallonDor2019', u'Ronaldo', u'Messi10']",577
2019-12-03 11:02:12,Wahala dey ooo  Client and picker na family member 😫😔🤕 #iphone6 #Messi6 #Ronaldo,D_Wonda,"[u'iphone6', u'Messi6', u'Ronaldo']",1709
2019-12-03 11:01:50,Football Update: I Can Always Do More Say’s The Sixth Ballon d'Or Winner Lionel Messi https://t.co/8MPtK9pKhF  #BallonDor2019 #MessiBalonDeOro #messi #Messi10 #FOOTBALLTIPS #sport #UEFA #FACupDraw #ChampionsLeague #Ronaldo https://t.co/9NJz9pyjFu,BlizSportz,"[u'BallonDor2019', u'MessiBalonDeOro', u'messi', u'Messi10', u'FOOTBALLTIPS', u'sport', u'UEFA', u'FACupDraw', u'ChampionsLeague', u'Ronaldo']",2
2019-12-03 11:01:02,#ronaldo’s #soccer #club #juventus now has a #token that gives its over #400m #fans #voting #power  #instacryptocurrency #instaeth #btc #btcnews #trading #altcoin #pumpanddump #AI #BigData #decentralized #markets #stockmarket https://t.co/HQLPFTktK9,CoinCapsAi,"[u'ronaldo', u'soccer', u'club', u'juventus', u'token', u'400m', u'fans', u'voting', u'power', u'instacryptocurrency', u'instaeth', u'btc', u'btcnews', u'trading', u'altcoin', u'pumpanddump', u'AI', u'BigData', u'decentralized', u'markets', u'stockmarket']",5393
2019-12-03 11:00:09,"In this world it is not necessarily what people think is the way, you maybe...  in the eyes of everyone.  Do you all feel the same? 😜 Put on your equipment and show them.⚽⚽link:https://t.co/I5WNFG5zUq  #Elmontyouthsoccer #Juventus #Ronaldo #messi #fcb #soccer #football #barca https://t.co/KpI0h6vfxs",Elmontyouthsoc1,"[u'Elmontyouthsoccer', u'Juventus', u'Ronaldo', u'messi', u'fcb', u'soccer', u'football', u'barca']",8
2019-12-03 11:00:09,"In this world it is not necessarily what people think is the way, you maybe.......  in the eyes of everyone. Do you all feel the same? 😜 Put on your equipment and show them.⚽⚽️️ Sharing it for free.  link:https://t.co/Gu66mThyET #Gogoalshop #Juventus #Ronaldo #king #messi https://t.co/Q0jKTxjnDP",Gogoalshop_vip,"[u'Gogoalshop', u'Juventus', u'Ronaldo', u'king', u'messi']",351
2019-12-03 11:00:08,Apple Loses Bid To Stop Class Action Lawsuit Over MacBook Keyboards https://t.co/HFmyUqDRFA #HuaweiFreeBuds3 #BLACKCOFFEE #AskAMan #SuperbalistShowDown #enhle #RipAneleHoyana #BlackWidow #Anonza #Common #Nipsey #Wayne #Cristiano #Drake #Ronaldo #HippHop #Rihanna #WillSmith,SurgeZirc12,"[u'HuaweiFreeBuds3', u'BLACKCOFFEE', u'AskAMan', u'SuperbalistShowDown', u'enhle', u'RipAneleHoyana', u'BlackWidow', u'Anonza', u'Common', u'Nipsey', u'Wayne', u'Cristiano', u'Drake', u'Ronaldo', u'HippHop', u'Rihanna', u'WillSmith']",35
2019-12-03 11:00:03,"@Zeethrills Winning best student every year in a course is cool - issa LEGEND something. But winning best student every year in diff courses is not cool, it's hot🔥 🔥 🔥 - only GOAT do that. They can't understand the feelings of leaving ur comfort zone and still do great things.. #Ronaldo",Hennyoba,[u'Ronaldo'],2639
2019-12-03 11:00:00,"In this world it is not necessarily what people think is the way, you maybe.......  in the eyes of everyone. Do you all feel the same? 😜 Put on your equipment and show them.⚽⚽️️ Sharing it for free.  link:https://t.co/RBTClg76Ff #Soccerdealshop #Juventus #Ronaldo #king #messi https://t.co/dD3wu3l49I",soccerdealshop,"[u'Soccerdealshop', u'Juventus', u'Ronaldo', u'king', u'messi']",367
2019-12-03 10:59:59,"In this world it is not necessarily what people think is the way, you maybe... Do you all feel the same? 😜 Put on your equipment and show them.⚽⚽link:https://t.co/X3355O9076 #Goaljerseys #Juventus #Ronaldo #king #messi #fcb #barca #CyberMonday #Wholesaleprice https://t.co/RJngb3jH2F",goaljerseys,"[u'Goaljerseys', u'Juventus', u'Ronaldo', u'king', u'messi', u'fcb', u'barca', u'CyberMonday', u'Wholesaleprice']",41
2019-12-03 10:59:05,@fuck_youmate @Kevin0838996504 @Awe03523079 @goal You obviously don’t get the point at all. The only team Messi plays for apart from Barcelona is Argentina   So he should only be considered a Barcelona legend   Not the greatest of all time !!!! #BallonDor #Messi6 #Ronaldo,ilemobayo25,"[u'BallonDor', u'Messi6', u'Ronaldo']",7202
2019-12-03 10:58:19,"What @Cristiano Ronaldo's sister said to @VirgilvDijk after saying 'was Juve star a rival'😱😲🤔  ""Now, dear Virgil, where you are going, Cristiano Ronaldo has gone and has come a thousand times.""   #BallonDor2019  #BallonDor2020  #Ronaldo   https://t.co/rvt8xIIXol",legitngnews,"[u'BallonDor2019', u'BallonDor2020', u'Ronaldo']",626894
2019-12-03 10:55:26,Ronaldo: i have six packs  Messi: calm down i have six ballon d’orsssss😂😂😂   #BallonDor2019 #BallonDor #Ronaldo #Messi https://t.co/Zk4Oh3zjec,Faustynowilson,"[u'BallonDor2019', u'BallonDor', u'Ronaldo', u'Messi']",1209
2019-12-03 10:54:51,@officialkrey_ @goal @TONJAY_bLud Ronaldo years in Spain the scored more hat tricks than whole Barcelona squad together #Balondor2019 #Ronaldo #Messi6,ilemobayo25,"[u'Balondor2019', u'Ronaldo', u'Messi6']",7202
2019-12-03 10:52:30,"- Lithuania,  - Andorra  - Luxembourg  IN THAT ORDER 🤣🤣🤣🤣🤣 #Ronaldo https://t.co/k0h5PutqAU",Alecia69825937,[u'Ronaldo'],240
2019-12-03 10:49:22,@goal #Ronaldo GOAT,odogwu_one,[u'Ronaldo'],151
2019-12-03 10:48:20,He remain my only G.O.A.T #CR7 @Cristiano #Ronaldo #ronaldo https://t.co/ODr1YFfPez,tom_frosh,"[u'CR7', u'Ronaldo', u'ronaldo']",215
2019-12-03 10:45:59,#Ronaldo  #CristianoRonaldo  #Cristiano  Thanks again to Cristiano's sister for putting vvd on his lane this guy talks too much .... Anyway az much az it hurts me... congratulations to  #Messi6 .. even though I'm not sure if he deserves it after what happened at Anfield # UCL https://t.co/uxFPlBo0OR,StormChaser_cr7,"[u'Ronaldo', u'CristianoRonaldo', u'Cristiano', u'Messi6']",158
2019-12-03 10:44:58,This is what is wrong with Women Football... Brilliant performance from players all over the globe and Recognition was given for Political view and Being a voice of LGBT community...  U r telling me to take women game seriously?   WOW👏   #BallonDor2019 #Messi #Ronaldo #BallonDor https://t.co/1VMcVQcfXO,Sakib511,"[u'BallonDor2019', u'Messi', u'Ronaldo', u'BallonDor']",77
2019-12-03 10:44:26,Van Dijk comments about Ronaldo are just embrassing! - how anyone can compare the two is beyond me?! The last 10/12 years Messi and Ronaldo have dominated the game and I think it’s been a pleasure for any football fan to watch the two of them at their peak! #ronaldo #VanDijk,Mazobrien23,"[u'ronaldo', u'VanDijk']",533
2019-12-03 10:44:06,"By this time 2020, Messix will handover his 7th BD'or to Messeven   #BallonDor2019 #Messix #Messi  #GOAT Piers Morgan, VVD, #Ronaldo Modric, Sneijder, Mane https://t.co/u43nCpmTDO",realnaijakolo,"[u'BallonDor2019', u'Messix', u'Messi', u'GOAT', u'Ronaldo']",7203
2019-12-03 10:41:52,"SAY THAT PRAYER THAT WILL GET YOU A BRIGHT START THIS MORNING ✅✅✅✅✅✅✅✅✅  MAKE YOUR WISH OF HAVING A SUCCESSFUL DAY SO MANDATORY BE OPTIMISTIC, MAKE MONEY TODAY AND STAY OPTIMISTIC ✅✅✅✅✅ HAVE A BEAUTIFUL DAY AHEAD  FROM CHRIS  #ronaldo #messi #BallonDor2019 #BalonDor",fixed_chris,"[u'ronaldo', u'messi', u'BallonDor2019', u'BalonDor']",670
2019-12-03 10:41:13,TODAY GAME IS OUT . HURRY UP AND PURCHASE NOW BEFORE ITS TOO LATE  TIME : 12:30 PM  CALL OR WHATSAPP +2349015492157  #BallonDor2019 #ronaldo #messi #mtnbundlesdontexpire #davidodidntcum #newpacksnaija #DavidoinJos #TachaOurOnlyHype #atiku #UnbotheredMercy #MondayMood #easter https://t.co/YygwStZ5DO,FRANCIS_SUREODD,"[u'BallonDor2019', u'ronaldo', u'messi', u'mtnbundlesdontexpire', u'davidodidntcum', u'newpacksnaija', u'DavidoinJos', u'TachaOurOnlyHype', u'atiku', u'UnbotheredMercy', u'MondayMood', u'easter']",1032
2019-12-03 10:37:36,https://t.co/CuTg7n8mla  @Cristiano newest award...  #TuesdayThoughts #Trending #Cristiano #Ronaldo @TheRonaldoTeam @Cr7Fran4ever @juventusfcen @infoJUVE @JuveFCcom @BeritaJuventus @ForzaJuve2017 @infoJUVE,nzdworld,"[u'TuesdayThoughts', u'Trending', u'Cristiano', u'Ronaldo']",217
2019-12-03 10:37:16,Ronaldo is the real Goat if you want me to give you a reason to believe this follow me and dm....... @Cristiano #BallonDor2019 #BallonDor #Ronaldo,paul_omenuko,"[u'BallonDor2019', u'BallonDor', u'Ronaldo']",259
2019-12-03 10:35:15,"Scottish Premx2, Scottish League Cup x1, Champions Lgx1, UEFA Super Cup x1 #VanDirjk   #Ronaldo  Premier Lg x3, FA Cup x1, League Cup x2, Champions League 5, Club World Cup x4, La Liga x2, Copa del Rey x2, UEFA Super Cup x2, Serie A x1, European Championship x1, Nations League x1",FelanGucci,"[u'VanDirjk', u'Ronaldo']",13217
2019-12-03 10:34:43,"While some Messi fans were totally elated about this news, many Ronaldo fans found Messi unworthy of this award. https://t.co/hIDeljXhOk #BallonDor #LionelMessi #Ronaldo #Messi #CR7",GuardianNigeria,"[u'BallonDor', u'LionelMessi', u'Ronaldo', u'Messi', u'CR7']",1461764
