timestamp,tweet_text,username,all_hashtags,retweet_count,favourites_count
2019-12-02 12:47:50,Online poll  Who do you think is gonna win the Ballon’dor 2019?    #BallonDor2019 #BallonDor #UCL #MESSI #Ronaldo #VanDijk,Ibrahim_Bello_,"[u'BallonDor2019', u'BallonDor', u'UCL', u'MESSI', u'Ronaldo', u'VanDijk']",5088
2019-12-02 12:45:58,Today is a big day for football fans.  Who do you think will win the Ballon D'or? Retweet for Messi  Like for Van Dijk  Check my pin tweet   #BallonDor2019 #BallonDor #MESSI #VanDijk https://t.co/OaH48MZs26,Ibrahim_Bello_,"[u'BallonDor2019', u'BallonDor', u'MESSI', u'VanDijk']",5088
2019-12-02 12:44:24,"It's just funny how Messi fan boys keep shouting Van Dijk can't achieve all he did without his teammates.Claiming take out his teammates, he won't shine and stuff. Forgetting that he's actually a defender not a goal scorer. Same goes w messi too   #BallonDor2019 #MESSI #VanDijk",theYemiiii,"[u'BallonDor2019', u'MESSI', u'VanDijk']",270
2019-12-02 12:43:12,@MisturBets They had better not... It belongs to #VanDijk,drew_bet,[u'VanDijk'],3149
2019-12-02 12:41:58,"If #BallonDor2019 comes down to #MESSI and #VanDijk ,Give it to Messi,The two don't campare and Will never.The Only player that can challenge Messi is #Ronaldo . #BallonDor2019  #BallonDor  #MessiBallonDor2019  #Ronaldo  #mondaythoughts",taajir007,"[u'BallonDor2019', u'MESSI', u'VanDijk', u'Ronaldo', u'BallonDor2019', u'BallonDor', u'MessiBallonDor2019', u'Ronaldo', u'mondaythoughts']",539
2019-12-02 12:39:37,Who do you think should win tonight's Ballon d'Or:  🇦🇷 leomessi 🇳🇱 virgilvandijk 🇵🇹 @cristiano  GO. | coment  👇   #messi #leomessi #lionelmessi #vandijk #virgil #vvd #cristiano #cr7 #ronaldo #cristianoronaldo… https://t.co/P59ivWVB67,ozzyfire06_,"[u'messi', u'leomessi', u'lionelmessi', u'vandijk', u'virgil', u'vvd', u'cristiano', u'cr7', u'ronaldo', u'cristianoronaldo']",675
2019-12-02 12:39:19,"#BallonDor2019 one of the most prestigious awards of the world #football , is found ! Among the 30 person nominees for the Ballon d'Or  men ,#VanDijk  #Ronaldo #MESSI  are among the favorites ! 👉 https://t.co/fIbdJrl5xB https://t.co/RUYX5lExGQ",NewEurobet,"[u'BallonDor2019', u'football', u'VanDijk', u'Ronaldo', u'MESSI']",312
2019-12-02 12:37:12,It's either #Messi or #VanDijk  #BallonDor2019,itssrq,"[u'Messi', u'VanDijk', u'BallonDor2019']",86
2019-12-02 12:18:17,1⃣ #AlexanderArnold ➡ #VanDijk 2⃣ #AlexanderArnold ➡ #VanDijk 💥 Che doppietta dell’olandese‼ #SkySport #SkyPremier #LiverpoolBrighton https://t.co/GGKKSGnU70,SkySport,"[u'AlexanderArnold', u'VanDijk', u'AlexanderArnold', u'VanDijk', u'SkySport', u'SkyPremier', u'LiverpoolBrighton']",2418500
2019-12-02 12:15:26,#FAQ: How to deposit using using USSD via VODAFONE  Play here👉 https://t.co/rceiYva7DR Register here👉https://t.co/4s5w1SRvlO . . #Betyetu #CreateABet #TopPlayers #BallonDor2019 #Ronaldo #Messi #VanDijk #Salah #Mane #Juventus #RealMadrid #Roma #Bayern #AskManifest #Vodafone #MTN https://t.co/rirCqa6a0C,betyetughana,"[u'FAQ', u'Betyetu', u'CreateABet', u'TopPlayers', u'BallonDor2019', u'Ronaldo', u'Messi', u'VanDijk', u'Salah', u'Mane', u'Juventus', u'RealMadrid', u'Roma', u'Bayern', u'AskManifest', u'Vodafone', u'MTN']",719
2019-12-02 12:13:53,Virgil van Dijk Might Just Pip Messi and Ronaldo To Win Ballon d'Or 2019 Trophy #BallonDor #BallonDor2019 @VirgilvDijk #VirgilVanDijk #VanDijk #LionelMessi #CristianoRonaldo @LFC  https://t.co/DggQapplZ0,latestly,"[u'BallonDor', u'BallonDor2019', u'VirgilVanDijk', u'VanDijk', u'LionelMessi', u'CristianoRonaldo']",47863
2019-12-02 12:10:25,Is this true though? #BallonDor2019 #Messi #VanDijk https://t.co/DLB1grSxth,Tkaynoel,"[u'BallonDor2019', u'Messi', u'VanDijk']",2218
2019-12-02 12:07:17,The six times reds! https://t.co/Ug9QYCTDN6  #ynwa #livbha #liverpoolfc #liverpool #jft96 #bpl #livbri #premierleague #lfc #vandijk #sadiomane #mosalah #motd #scouse #vandijk #motd2 #december1st #cybermonday #blackfriday #firmino #football https://t.co/Ryk5YTstm0,TheTwelfthRed,"[u'ynwa', u'livbha', u'liverpoolfc', u'liverpool', u'jft96', u'bpl', u'livbri', u'premierleague', u'lfc', u'vandijk', u'sadiomane', u'mosalah', u'motd', u'scouse', u'vandijk', u'motd2', u'december1st', u'cybermonday', u'blackfriday', u'firmino', u'football']",52
2019-12-02 12:06:18,Nice can of unbearable! https://t.co/M2vTn5DiMx   #ynwa #livbha #liverpoolfc #liverpool #jft96 #bpl #livbri #premierleague #lfc #vandijk #sadiomane #mosalah #motd #scouse #vandijk #motd2 #december1st #cybermonday #blackfriday #firmino #football https://t.co/MhZK7I70g0,TheTwelfthRed,"[u'ynwa', u'livbha', u'liverpoolfc', u'liverpool', u'jft96', u'bpl', u'livbri', u'premierleague', u'lfc', u'vandijk', u'sadiomane', u'mosalah', u'motd', u'scouse', u'vandijk', u'motd2', u'december1st', u'cybermonday', u'blackfriday', u'firmino', u'football']",52
2019-12-02 12:06:12,Who will be the winner of  #BallonDor2019 ?  #MESSI  #CristianoRonaldo  #VanDijk,PrinceC90072586,"[u'BallonDor2019', u'MESSI', u'CristianoRonaldo', u'VanDijk']",132
2019-12-02 12:03:07,My #BallonDor2019 Top 5 not what I'd pick but what will happen because fifa is a joke and a scam #FIFA and everyone still Sucking  off Liverpool  #BallonDor #Messi #VanDijk #sadiomane  #Ronaldo #Salah 1 Messi 🇦🇷 2 Van Dijk  🇳🇱 3 Mo Salah  🇪🇬 4 Ronaldo 🇵🇹 5 Sadio Mane 🇸🇳,VanDammeBushell,"[u'BallonDor2019', u'FIFA', u'BallonDor', u'Messi', u'VanDijk', u'sadiomane', u'Ronaldo', u'Salah']",441
2019-12-02 12:03:04,"Messi won #FifaTheBest prize, but Van Dijk was the most voted player by the journalists, #BallonDor is all voted from journalists. It is a fact that #VanDijk should win it. #Messi has the best stats, but didn’t win something interesting. #Ronaldo won three trophies last year.🤷🏻‍♂️",florentimeraj,"[u'FifaTheBest', u'BallonDor', u'VanDijk', u'Messi', u'Ronaldo']",998
2019-12-02 12:02:23,The boss 💪 https://t.co/7rmxZeznsl  #ynwa #livbha #liverpoolfc #liverpool #jft96 #bpl #livbri #premierleague #lfc #vandijk #sadiomane #mosalah #motd #scouse #vandijk #motd2 #december1st #cybermonday #blackfriday #firmino #football https://t.co/u8zvc0mV9B,TheTwelfthRed,"[u'ynwa', u'livbha', u'liverpoolfc', u'liverpool', u'jft96', u'bpl', u'livbri', u'premierleague', u'lfc', u'vandijk', u'sadiomane', u'mosalah', u'motd', u'scouse', u'vandijk', u'motd2', u'december1st', u'cybermonday', u'blackfriday', u'firmino', u'football']",52
2019-12-02 11:59:50,The Ballon d'Or 2019 winner will be announced in Paris later today.  We'll take a look at the top 3 contenders' (2018/19) season  Could it be the 6th for either #Messi or #Ronaldo?  Or the 1st for #VanDijk?  Who deserve the Ballon d'Or 2019?  #BallonDor2019 #GetSporty #BetSporty https://t.co/10vbdF7vB3,sportybetng,"[u'Messi', u'Ronaldo', u'VanDijk', u'BallonDor2019', u'GetSporty', u'BetSporty']",6706
2019-12-02 11:58:55,Who's going to win? #BallonDor #Messi #Ronaldo #VanDijk #Salah,tuzuner_kemal,"[u'BallonDor', u'Messi', u'Ronaldo', u'VanDijk', u'Salah']",50
2019-12-02 11:56:34,"🕰️ Flashback! 🕰️  ""Messi is the best player in the world. I think he deserves the Ballon d'Or."" 🏆   Speaking after winning the #UCL in June, Virgil van Dijk backed Lionel Messi to win the #BallonDor   #Messi #VanDijk #Barca #LFC https://t.co/pzEk1a6En3",OmnisportNews,"[u'UCL', u'BallonDor', u'Messi', u'VanDijk', u'Barca', u'LFC']",5448
2019-12-02 11:53:24,"Give the #BallonDor to #VanDijk  The man deserves more than #Ronaldo and #Messi. I’m a big fan of #Cristiano but tbh Van Dijk deserves it. If they give it to Messi, that would be the biggest robbery ever. Ronaldo had better stats last year than Messi this year, but didn’t win it.",florentimeraj,"[u'BallonDor', u'VanDijk', u'Ronaldo', u'Messi', u'Cristiano']",998
2019-12-02 11:52:46,"#BallonDor2019: Finalists, live streaming, time in India (IST) &amp; where to watch on TV  #BallonDor #MESSI #Ronaldo #VanDijk   https://t.co/0wB6y3YCNw",dna,"[u'BallonDor2019', u'BallonDor', u'MESSI', u'Ronaldo', u'VanDijk']",2072978
2019-12-02 11:34:48,Been a shit morning. Need #VanDijk to bring home the Ballon d’Or today to feel better,TheOrigin__96,[u'VanDijk'],408
2019-12-02 11:31:36,"Let’s get your opinions, who should be the #BallonDor2019?   #Messi #VanDijk #Ronaldo #Salah #Mane #BallonDor",TheMVP_Podcast,"[u'BallonDor2019', u'Messi', u'VanDijk', u'Ronaldo', u'Salah', u'Mane', u'BallonDor']",882
2019-12-02 11:29:53,"So apparently this is a leak of who will win the #BallonDor2019 tonight, what do you guys think? 🤔  Does Messi deserve it ahead of Van Dijk?   #BallonDor  #Messi #VanDijk #Ronaldo https://t.co/rbSeolZjrq",TheMVP_Podcast,"[u'BallonDor2019', u'BallonDor', u'Messi', u'VanDijk', u'Ronaldo']",882
2019-12-02 11:29:42,Who will win the 2019 Ballon d'Or❓🤔  ✨The winner will be announced in Paris on 2 December 2019.  #BallonDor2019 #BallonDor #MESSI #VanDijk #Ronaldo @premierleague @LaLiga https://t.co/GMUIcFuVRP,sports_xplore,"[u'BallonDor2019', u'BallonDor', u'MESSI', u'VanDijk', u'Ronaldo']",64
2019-12-02 11:26:40,@FIFAcom  #Messi #VanDijk @Cristiano Who Gonna Win This #BallonDor #BallonDor2019   @FCBarcelona @LFC @juventusfc,imsaifkhan31,"[u'Messi', u'VanDijk', u'BallonDor', u'BallonDor2019']",189
2019-12-02 11:23:58,@MarcLewisZA #VanDijk is so deserving of the award!,cherylh2707,[u'VanDijk'],86
2019-12-02 11:16:36,#BallonDor whoever wins it my hearty congrats to them. I hope #VanDijk wins it for us #Liverpool.We had an amazing last season and #Vandijk reached #UNL finals  congrats to #BernardoSilva for a great season for club and country.congrats to @BernardoCSilva and @VirgilvDijk.,ajithf808,"[u'BallonDor', u'VanDijk', u'Liverpool', u'Vandijk', u'UNL', u'BernardoSilva']",18
2019-12-02 11:15:29,Who will win the Ballon'D'or #BallonDor2019 #MESSI #VanDijk #Barcelona  @FCBarcelona @TeamMessi,news_khulasa,"[u'BallonDor2019', u'MESSI', u'VanDijk', u'Barcelona']",1403
2019-12-02 11:13:16,Ronaldo getting ready for the Balon d’Or ceremony when he knows he’s not winning anything #BallonDor2019 #MESSI #Ronaldo #VanDijk https://t.co/XUF67Hta4B,Vintage_Klopp,"[u'BallonDor2019', u'MESSI', u'Ronaldo', u'VanDijk']",69
2019-12-02 11:04:15,@MarcLewisZA Based on best player last season? #vandijk takes it. If based on best player in the world right now? #messi takes it,Mlungisi06,"[u'vandijk', u'messi']",528
2019-12-02 10:54:39,So... #BallonDor tonight.  #Messi has it in the bag right? #VanDijk more deserving?,MarcLewisZA,"[u'BallonDor', u'Messi', u'VanDijk']",12119
2019-12-02 10:48:10,Who will win the Ballon d'Or? #BallonDor2019 #MESSI #VanDijk,kanspurs,"[u'BallonDor2019', u'MESSI', u'VanDijk']",980
2019-12-02 10:41:42,Who's gonne win the #BallonDor2019?  30 nominees but only 1 winner.   #Ronaldo #MESSI #VanDijk #uefa,PlayerMatchCom,"[u'BallonDor2019', u'Ronaldo', u'MESSI', u'VanDijk', u'uefa']",221
2019-12-02 10:40:35,Virgil van Dijk already feels like a winner after being nominated for this year's Ballon d'Or. . . . #BallondOr #VanDijk #Liverpool #EPL #Messi #Ronaldo #FranceFootball https://t.co/U7W6bueHSz,365Scores,"[u'BallondOr', u'VanDijk', u'Liverpool', u'EPL', u'Messi', u'Ronaldo', u'FranceFootball']",16065
2019-12-02 10:36:28,It's Ballon d'Or time as these two giants go head to head for the prestigious award.   Who do you think will win it? Winner to be announced tonight!!👀  #LFC #liverpoolfc #ynwa #scousersinlondon #vandijk #messi #ballondor #championsleague #fifabest #thebest https://t.co/Vxjq4Nmr9j,scousersinldn,"[u'LFC', u'liverpoolfc', u'ynwa', u'scousersinlondon', u'vandijk', u'messi', u'ballondor', u'championsleague', u'fifabest', u'thebest']",510
2019-12-02 10:12:58,"I am looking forward to announcing #Messi as the #BallonDor winner to confirm how this award is becoming a real FARCE. Not even #CR7 deserved it, for heaven's sake, but only #VanDijk had to win it.   #BallonDor2019 #Juventus #Barcelona #Liverpool",AleGobbo87,"[u'Messi', u'BallonDor', u'CR7', u'VanDijk', u'BallonDor2019', u'Juventus', u'Barcelona', u'Liverpool']",311
2019-12-02 10:10:00,#VanDijk Says No Losers in Ballon D’Or Awards https://t.co/QON1NOq4Nb https://t.co/4FO70yw653,aawsat_eng,[u'VanDijk'],139787
2019-12-02 10:05:08,#SCThoughts But we all know who's picking it up in the end. Rumour has it that the dude has already been told so he'll just hang out around the podium when its time. 😁 #Messi #VanDijk #Ronaldo #BallonDor #Football #Soccer https://t.co/qwRa6exDkW,SoccerChattabox,"[u'SCThoughts', u'Messi', u'VanDijk', u'Ronaldo', u'BallonDor', u'Football', u'Soccer']",231
2019-12-02 10:01:16,Even Virgil van Dijk thinks Leo Messi should win the Ballon d'Or 🐐  #VanDijk #Messi #Ballondor https://t.co/6ouH4xI5rf,GiveMeSport,"[u'VanDijk', u'Messi', u'Ballondor']",57450
2019-12-02 09:59:22,"@AJayzWorld , a big day for football. Who do you think will win the Ballon D'or tonight? @VirgilvDijk or Messi ?  #BallonDor2019 #BallonDor #VanDijk #Messi #YNWA",irakifelix,"[u'BallonDor2019', u'BallonDor', u'VanDijk', u'Messi', u'YNWA']",910
2019-12-02 09:55:59,Predict who wins the #BallonDor2019 tonight?  Play here👉 https://t.co/rceiYva7DR Register here👉https://t.co/4s5w1SRvlO . . #Betyetu #CreateABet #TopPlayers #Ronaldo #Messi #VanDijk #Mane #Klopp #ballon #Mourinho #Best #mondaymotivation https://t.co/qfHuX3eXhe,betyetughana,"[u'BallonDor2019', u'Betyetu', u'CreateABet', u'TopPlayers', u'Ronaldo', u'Messi', u'VanDijk', u'Mane', u'Klopp', u'ballon', u'Mourinho', u'Best', u'mondaymotivation']",719
2019-12-02 09:45:00,"#VanDijk: 🗣️ ""I am very proud to be in that bracket,"" #BallonDor  https://t.co/fImVLhNbnW",beINSPORTS_EN,"[u'VanDijk', u'BallonDor']",1087865
2019-12-02 09:42:25,"#BallonDor2019 Whoever takes the #BallonDor today,  #history will be made #record will be #broken   #Messi #Ronaldo #VanDijk  ... The football world has been blessed with unbelievable #talents   #Barcelona #Juventus #Liverpool #Argentina #Portugal #Netherland #GOAT #TheGOAT https://t.co/vq4zmWlWZn",hotjist,"[u'BallonDor2019', u'BallonDor', u'history', u'record', u'broken', u'Messi', u'Ronaldo', u'VanDijk', u'talents', u'Barcelona', u'Juventus', u'Liverpool', u'Argentina', u'Portugal', u'Netherland', u'GOAT', u'TheGOAT']",8649
2019-12-02 09:41:42,"Yh Messi Had A Great Season Than Any Other Player But The Problem Is That He Did Not Collect The Champions League,The Champions League Is The Biggest Trophy Of 2019 So Guyz Don't Be Suprise If The BallonDor Is Given To Virgil Van Dijk.#BallonDor2019 #VanDijk https://t.co/BjYctvMUiO",LittleMhan,"[u'BallonDor2019', u'VanDijk']",1842
2019-12-02 09:32:40,The defender could be the first since Italy's World Cup-winning skipper Fabio Cannavaro in 2006.  (Check Out Our Channel For The Full Video!)  Virgil van Dijk 2019-2020 ● Ballon d'Or Deserved | Defensive Skills vs The Best Players ● |HD 1080p|  #Messi #VanDijk #BallonDor https://t.co/5NyVNjfwCR,AzamAbdallah,"[u'Messi', u'VanDijk', u'BallonDor']",976
2019-12-02 09:32:07,Who should be the winner of 'Golden Ball 2019' ⚽️Virgil Van Dijk ⚽️ Lionel Messi  ⚽️ Cristiano Ronaldo  #VanDijk #LionelMessi #CristianoRonaldo #BallonDor #GoldenBall https://t.co/fApLuAptpG,ONSport_KS,"[u'VanDijk', u'LionelMessi', u'CristianoRonaldo', u'BallonDor', u'GoldenBall']",8
2019-12-02 09:03:15,"If they'll always end up giving the #BallonDor to a striker then that should be the only option for voting but, football is more than just goals and assists and #VanDijk has proven to be more than a fair winner. But, the fanaticism for Messi and CR7 blinds you all, a real shame.",ElPasoReds,"[u'BallonDor', u'VanDijk']",964
2019-12-02 09:03:15,#VanDijk changed the whole face of an #LFC defense that was leaking goals and turned it into a fortress. His arrival changed #LFC from years of being a laughing stock into serious title contenders and european champions. #BallonDor,ElPasoReds,"[u'VanDijk', u'LFC', u'LFC', u'BallonDor']",964
2019-12-02 09:03:13,Who should win the #BallonDor2019 according to you ⚽️  #Likes #RETWEEET  #VanDijk,LoveMusicandLFC,"[u'BallonDor2019', u'Likes', u'RETWEEET', u'VanDijk']",1868
2019-12-02 09:02:48,"If #Messi wins, it would be the second time that the Argentine would win this award UNDESERVEDLY. The first is when he stole it from #Milito (I do NOT support Inter). FOR ME, even #CristianoRonaldo must not win it. If I were to choose the winner, I would say #vanDijk. #BallonDor",Etzi2891,"[u'Messi', u'Milito', u'CristianoRonaldo', u'vanDijk', u'BallonDor']",1280
2019-12-02 08:59:57,"Team Of The Week 12 Prediction!  91 #VanDijk 🇳🇱, 91 #TerStegen 🇩🇪 &amp; 86 #Carvajal 🇪🇸   Collab with @ElitageDZN #TOTW #FUT #FIFA20 https://t.co/JHr8J9ierY",HarrisonDZN,"[u'VanDijk', u'TerStegen', u'Carvajal', u'TOTW', u'FUT', u'FIFA20']",2144
2019-12-02 08:35:02,Who do you think deserves the #BallonDor  #BallonDor2019  Retweet for #MESSI  Like for #Ronaldo  Comment for #VanDijk https://t.co/icESiGVMIk,dabiri_abayomi,"[u'BallonDor', u'BallonDor2019', u'MESSI', u'Ronaldo', u'VanDijk']",21
2019-12-02 08:00:30,@Sporf @VirgilvDijk @ChampionsLeague @PFA @UEFAEURO @OnsOranje Will #VanDijk win the #BallonDor tonight? Vote and Comment below 👇#Football #PremierLeague #Messi #Liverpool #BallonDor2019 #PitchSideTalk,talk_pitch,"[u'VanDijk', u'BallonDor', u'Football', u'PremierLeague', u'Messi', u'Liverpool', u'BallonDor2019', u'PitchSideTalk']",53
2019-12-02 08:00:30,The Ballon d'or award is today 😀  who are you backing to win the award . Drop your comments below.  #EaglePredict #EaglePredictGiveAway #ballondor #Messi #Ronaldo #Vandijk #Barcelona #liverpool #juventus #cr7juve #portugal #netherlands #argentina #portugal #leomessi https://t.co/GdhfrMID7P,EaglePredict,"[u'EaglePredict', u'EaglePredictGiveAway', u'ballondor', u'Messi', u'Ronaldo', u'Vandijk', u'Barcelona', u'liverpool', u'juventus', u'cr7juve', u'portugal', u'netherlands', u'argentina', u'portugal', u'leomessi']",759
2019-12-02 07:56:47,if only you guyz understand how luvly #vibration form @fireboydml is draining me today in the office. xpecially the trumpet sound. please just forget #VanDijk  and lets compare him with messi today #FireboyDML for #BallonDor2019 #mtnbundlesdontexpire,Iamtheoberry1,"[u'vibration', u'VanDijk', u'FireboyDML', u'BallonDor2019', u'mtnbundlesdontexpire']",10
2019-12-02 07:52:49,Imma ask my crush on a date if #Messi wins his 6th #BallonDor..  #BallonDor2019 #Fifa #France #OleOut #VanDijk #MondayMotivation,4D1S_,"[u'Messi', u'BallonDor', u'BallonDor2019', u'Fifa', u'France', u'OleOut', u'VanDijk', u'MondayMotivation']",55
2019-12-02 07:42:52,Football in 90 Seconds today is all about the #BallonDOr. Will #Messi get his 6th or will #VanDijk spoil the party? #FootballDigest https://t.co/2PoeVdlB3Z,Nyaassh_,"[u'BallonDOr', u'Messi', u'VanDijk', u'FootballDigest']",198
2019-12-02 07:13:46,greatest of last year #VanDijk https://t.co/JwRLxuWoBy https://t.co/rzF2URBg5h,magicmo11lfc,[u'VanDijk'],5316
2019-12-02 07:05:58,"Virgil deserves the Ballon d'or for last season. He was the best player in the world last season and although Messi will always be the goat, Virgil was better. Hope he brings it home! #BallonDor2019 #VanDijk",andytt87,"[u'BallonDor2019', u'VanDijk']",238
2019-12-02 07:00:00,______________ deserves the 2019 Ballon d'Or 🤔 complete the sentence ⬇️   #ballondor #messi #vandijk #cr7 #mane #alisson #sterling #lewandowski https://t.co/RKs9DiFyKs,JDFootball,"[u'ballondor', u'messi', u'vandijk', u'cr7', u'mane', u'alisson', u'sterling', u'lewandowski']",29109
2019-12-02 06:58:56,Let's hear your view on who to win the prestigious award. Watch full video here  https://t.co/Ftham7nCFR #BallonDor2019 #Ballinamore #messi #Ronaldo #VanDijk https://t.co/NijTdE0f1G,Naija2talk,"[u'BallonDor2019', u'Ballinamore', u'messi', u'Ronaldo', u'VanDijk']",890
2019-12-02 06:41:21,AF Poster: Dig⚒️ for Ballon d'Or! 🏆  #MESSI #CristianoRonaldo #VanDijk #BallonDor2019 #BallonDor #BalondeOro https://t.co/TPXUsB4SgS,sports_900,"[u'MESSI', u'CristianoRonaldo', u'VanDijk', u'BallonDor2019', u'BallonDor', u'BalondeOro']",279
2019-12-02 06:37:40,"Who will win the #BallonDor tonight? Like for #Ronaldo, Retweet for #Messi, and comment for #VanDijk.  #BalonDor #BalondeOro",busaIman,"[u'BallonDor', u'Ronaldo', u'Messi', u'VanDijk', u'BalonDor', u'BalondeOro']",398
2019-12-02 06:19:58,Whoever said #VVD was on the decline doesn't look at the numbers. #Virgilvandijk #VanDijk #Liverpool #LFC #Anfield  #motd #bbcmotd #nbcsn #pl #premierleague https://t.co/Xixm0UnBDc,jordyxcollins,"[u'VVD', u'Virgilvandijk', u'VanDijk', u'Liverpool', u'LFC', u'Anfield', u'motd', u'bbcmotd', u'nbcsn', u'pl', u'premierleague']",683
2019-12-02 04:16:51,@Football__Tweet Not true. They'll give it to #VanDijk,RobertKenO,[u'VanDijk'],134
2019-12-02 04:03:05,AF Poster: Dig⚒️ for Ballon d'Or! 🏆  #MESSI #CristianoRonaldo #VanDijk #BallonDor2019 #BallonDor https://t.co/F6ZJIkdQzu,allfootballapp,"[u'MESSI', u'CristianoRonaldo', u'VanDijk', u'BallonDor2019', u'BallonDor']",40583
2019-12-02 03:46:19,"Being a Ronaldo fan, I've started accepting that he is not the player he once was, which is sad, cause till #Messi plays, no matter how good a season, players won't be considered at the same immortal level as him. #CristianoRonaldo #AtletiBarca #VanDijk #BallonDor #BallonDor2019",Sanct1monious,"[u'Messi', u'CristianoRonaldo', u'AtletiBarca', u'VanDijk', u'BallonDor', u'BallonDor2019']",8
2019-12-02 02:07:35,Multiple reports have claimed that Leo Messi will be named the #BallondOr winner! 😮  @LFC star Virgil van Dijk has now opened up on the supposed leaks. 🤔  #Messi #VanDijk  https://t.co/HJFlcPEhLl,FOXSportsAsia,"[u'BallondOr', u'Messi', u'VanDijk']",58089
2019-12-02 01:01:25,Champions of Europe! https://t.co/3yNHpoMhsR   #ynwa #livbha #liverpoolfc #liverpool #jft96 #bpl #livbri #premierleague #lfc #vandijk #sadiomane #mosalah #motd #scouse #vandijk #motd2 #december1st #cybermonday #blackfriday #firmino #football https://t.co/Xk5egkeOwE,TheTwelfthRed,"[u'ynwa', u'livbha', u'liverpoolfc', u'liverpool', u'jft96', u'bpl', u'livbri', u'premierleague', u'lfc', u'vandijk', u'sadiomane', u'mosalah', u'motd', u'scouse', u'vandijk', u'motd2', u'december1st', u'cybermonday', u'blackfriday', u'firmino', u'football']",52
2019-12-02 00:17:13,Why Divock Origi Must Win The Ballon D'or!  https://t.co/gDbNJMIpSc  #Divock2020 #Destiny  #Messi #VanDijk #BallonDor2019,JuiceManBenji,"[u'Divock2020', u'Destiny', u'Messi', u'VanDijk', u'BallonDor2019']",895
2019-12-02 00:00:16,"I know he won't win it, but Boy he could have 😣.. #VanDijk https://t.co/t6tcwLAL8O",Gerald_yea,[u'VanDijk'],1207
2019-12-01 23:57:47,Virgil van Dijk is the first player  this season to score two EPL goals with his head.   Liverpool are 8 points clear at the top of the table.  Ballon D’Or 2019 Winner??  #brilafm #brilasports #liverpool #vandijk #virgilvandijk #virgil https://t.co/2wnvUKdjZq,Brilafm889,"[u'brilafm', u'brilasports', u'liverpool', u'vandijk', u'virgilvandijk', u'virgil']",27096
2019-12-01 23:34:28,Calm as you like! https://t.co/qfKZrkLGk5  #ynwa #livbha #liverpoolfc #liverpool #jft96 #bpl #livbri #premierleague #lfc #vandijk #sadiomane #mosalah #motd #scouse #vandijk #motd2 #december1st #cybermonday #blackfriday #firmino #football https://t.co/EZRw4q0qIb,TheTwelfthRed,"[u'ynwa', u'livbha', u'liverpoolfc', u'liverpool', u'jft96', u'bpl', u'livbri', u'premierleague', u'lfc', u'vandijk', u'sadiomane', u'mosalah', u'motd', u'scouse', u'vandijk', u'motd2', u'december1st', u'cybermonday', u'blackfriday', u'firmino', u'football']",52
2019-12-01 23:30:57,Keep warm like a Champion of Europe! https://t.co/cPLNiNJfVz   #ynwa #livbha #liverpoolfc #liverpool #jft96 #bpl #livbri #premierleague #lfc #vandijk #sadiomane #mosalah #motd #scouse #vandijk #motd2 #december1st #cybermonday #blackfriday #firmino #football https://t.co/5MHaIe19Sm,TheTwelfthRed,"[u'ynwa', u'livbha', u'liverpoolfc', u'liverpool', u'jft96', u'bpl', u'livbri', u'premierleague', u'lfc', u'vandijk', u'sadiomane', u'mosalah', u'motd', u'scouse', u'vandijk', u'motd2', u'december1st', u'cybermonday', u'blackfriday', u'firmino', u'football']",52
2019-12-01 23:06:28,who is going to win the Ballon d'Or tomorrow? #Messi #Ronaldo #VanDijk,KrzyJuggernaut,"[u'Messi', u'Ronaldo', u'VanDijk']",3
2019-12-01 22:32:13,Biggest poll just before #BallonDor results.  Who will win it? #Messi #VanDijk #Ronaldo #FCBarcelona #Juventus #Liverpoolfc #BallonDor2019 #football #LaLiga #ChampionsLeague #Champions #Argentina #Portugal #Nederland,bairedhimanshu,"[u'BallonDor', u'Messi', u'VanDijk', u'Ronaldo', u'FCBarcelona', u'Juventus', u'Liverpoolfc', u'BallonDor2019', u'football', u'LaLiga', u'ChampionsLeague', u'Champions', u'Argentina', u'Portugal', u'Nederland']",44
2019-12-01 21:55:22,All top 3 contenders for the Balon D'Or scored for their clubs this weekend 🤗 Who're you voting for to win the Balon D'Or? #BalonDor #Messi #Ronaldo #VanDijk,AlaranUthman,"[u'BalonDor', u'Messi', u'Ronaldo', u'VanDijk']",1046
2019-12-01 21:55:16,Imagine Van Dijk and Messi have the same amount of goals from open play this season. If we put VVD on pk’s and freekicks he might do numbers! #VanDijk #GOAT #BallonDor,Stef_Khan,"[u'VanDijk', u'GOAT', u'BallonDor']",577
2019-12-01 21:34:19,Info ou intox ? #BallonDor2019 #francefootball #Messi #Mane #salah #vandijk #liverpool https://t.co/yCfs0YeY6z,KayserFoot,"[u'BallonDor2019', u'francefootball', u'Messi', u'Mane', u'salah', u'vandijk', u'liverpool']",1232
2019-12-01 21:31:25,"Trent, our Scouse heartbeat! https://t.co/leDnqQAbBk  #ynwa #livbha #liverpoolfc #liverpool #jft96 #bpl #livbri #premierleague #lfc #vandijk #sadiomane #mosalah #motd #scouse #vandijk #motd2 #december1st #cybermonday #blackfriday #firmino #football #scouser https://t.co/sT20EhkQfq",TheTwelfthRed,"[u'ynwa', u'livbha', u'liverpoolfc', u'liverpool', u'jft96', u'bpl', u'livbri', u'premierleague', u'lfc', u'vandijk', u'sadiomane', u'mosalah', u'motd', u'scouse', u'vandijk', u'motd2', u'december1st', u'cybermonday', u'blackfriday', u'firmino', u'football', u'scouser']",52
2019-12-01 21:30:11,Liverpool are magic! https://t.co/VVzObkddSp  #ynwa #livbha #liverpoolfc #liverpool #jft96 #bpl #livbri #premierleague #lfc #vandijk #sadiomane #mosalah #motd #scouse #vandijk #motd2 #december1st #cybermonday #blackfriday #firmino #football https://t.co/RP9e5rjSsP,TheTwelfthRed,"[u'ynwa', u'livbha', u'liverpoolfc', u'liverpool', u'jft96', u'bpl', u'livbri', u'premierleague', u'lfc', u'vandijk', u'sadiomane', u'mosalah', u'motd', u'scouse', u'vandijk', u'motd2', u'december1st', u'cybermonday', u'blackfriday', u'firmino', u'football']",52
2019-12-01 21:13:29,If best player was about goal scored then defenders can't be counted as player then...  Defenders are players too  #VanDijk  #Vandijkforballondor https://t.co/yCsIVqzfX8,kayode_kamil,"[u'VanDijk', u'Vandijkforballondor']",134
2019-12-01 20:06:56,"Leaked results of the Ballon D'Or voting shows Lionel Messi has won the 2019 award.   Van Dijk second, followed by Salah. ⠀#messi #VanDijk  #BalonDor https://t.co/qjJJLBr1F6",Realmusaibrahim,"[u'messi', u'VanDijk', u'BalonDor']",2825
2019-12-01 19:58:29,"Leaked results of the Ballon D'Or voting shows Lionel Messi has won the 2019 award.   Van Dijk second, followed by Salah.  #BalonDor  #messi #VanDijk https://t.co/zDZFZmCCXJ",Realmusaibrahim,"[u'BalonDor', u'messi', u'VanDijk']",2825
2019-12-01 19:25:15,Extra decoration on the tree this year @VirgilvDijk #LFC #VanDijk #Christmas https://t.co/4OzCFM2eKl,dan_gunnell,"[u'LFC', u'VanDijk', u'Christmas']",213
2019-12-01 17:47:12,Champions of Europe! https://t.co/3yNHpoMhsR   #ynwa #livbha #liverpoolfc #liverpool #jft96 #bpl #livbri #premierleague #lfc #vandijk #sadiomane #mosalah #motd #scouse #vandijk #motd2 #december1st #cybermonday #blackfriday #firmino #football https://t.co/KqGoai6xQP,TheTwelfthRed,"[u'ynwa', u'livbha', u'liverpoolfc', u'liverpool', u'jft96', u'bpl', u'livbri', u'premierleague', u'lfc', u'vandijk', u'sadiomane', u'mosalah', u'motd', u'scouse', u'vandijk', u'motd2', u'december1st', u'cybermonday', u'blackfriday', u'firmino', u'football']",52
2019-12-01 17:45:45,European royalty! - https://t.co/G8n8afuC6y   #ynwa #livbha #liverpoolfc #liverpool #jft96 #bpl #livbri #premierleague #lfc #vandijk #sadiomane #mosalah #motd #scouse #vandijk #motd2 #december1st #cybermonday #blackfriday #firmino #football https://t.co/RC4p4Y9vuS,TheTwelfthRed,"[u'ynwa', u'livbha', u'liverpoolfc', u'liverpool', u'jft96', u'bpl', u'livbri', u'premierleague', u'lfc', u'vandijk', u'sadiomane', u'mosalah', u'motd', u'scouse', u'vandijk', u'motd2', u'december1st', u'cybermonday', u'blackfriday', u'firmino', u'football']",52
2019-12-01 17:44:00,Our number 9! Available in multiple colours - https://t.co/lvJ80Pyz2l  #ynwa #livbha #liverpoolfc #liverpool #jft96 #bpl #livbri #premierleague #lfc #vandijk #sadiomane #mosalah #motd #scouse #vandijk #motd2 #december1st #cybermonday #blackfriday #firmino #football https://t.co/SVkybhx8LP,TheTwelfthRed,"[u'ynwa', u'livbha', u'liverpoolfc', u'liverpool', u'jft96', u'bpl', u'livbri', u'premierleague', u'lfc', u'vandijk', u'sadiomane', u'mosalah', u'motd', u'scouse', u'vandijk', u'motd2', u'december1st', u'cybermonday', u'blackfriday', u'firmino', u'football']",52
2019-12-01 17:38:37,Just one more day until the winner is announced... Who will it be? 🏆 #BallondOr #VanDijk #Messi #Ronaldo https://t.co/81ttK7HTWL https://t.co/IWuNmEzIby,Transfers,"[u'BallondOr', u'VanDijk', u'Messi', u'Ronaldo']",1127
2019-12-01 16:21:34,"#VanDijk, he's great really. Amazing in the air, quality on the ball and all around a good defender. But to say this man deserves the #BallonDor after 1 CL is disrespect to the many greats before him in his position",GomezA1_,"[u'VanDijk', u'BallonDor']",156
2019-12-01 16:02:04,"Unbeaten run continues!!! 14th game done. 24 left. Keep it up Reds.  Anfield is a fortress! Unnecessary red card by Alison, but I would do the same. 3 points is all that matters. 2-1 (#VanDijk x2- #Dunk) #LiverpoolRoadToTitle #BorisFunFacts #Matchday14 @LFC  @OfficialBHAFC",boris4topusko,"[u'VanDijk', u'Dunk', u'LiverpoolRoadToTitle', u'BorisFunFacts', u'Matchday14']",257
2019-12-01 15:50:58,My vote goes to #VanDijk ...But a slight feeling of #Messi winning it.. https://t.co/K8qh9uEkVs,randabjsjjis,"[u'VanDijk', u'Messi']",395
2019-12-01 15:37:02,"What I'm loving is that the only weakness everyone is throwing our way is no clean sheets; yet our goals against is the 2nd lowest in the league, love this team!!! #LFC #Liverpoolfc #Klopp #VanDijk #PremierLeague #prem https://t.co/7gbi7TNJyb",Mike_3266,"[u'LFC', u'Liverpoolfc', u'Klopp', u'VanDijk', u'PremierLeague', u'prem']",27
2019-12-01 15:11:21,Who will win the 2019 Ballon d'Or❓🤔  ✨The winner will be announced in Paris on 2 December 2019.  #Messi #Ronaldo #BallonDor #VanDijk @Cristiano @fifamedia https://t.co/m9VIlWUZXp,sports_xplore,"[u'Messi', u'Ronaldo', u'BallonDor', u'VanDijk']",64
2019-12-01 14:51:03,@Princemichael51 The question is #Messi or #VanDijk .. #Mané should be in top 3  #BallonDor,thathuzaifa,"[u'Messi', u'VanDijk', u'Man\xe9', u'BallonDor']",10
2019-12-01 14:02:25,"Virgil Van Dijk vs Brighton: 100% aerials won 100% duels won  90% pass accuracy  73 touches 5 clearances 5 recoveries 2 shots  2 goals 1 tackle  Man Of The Match We are Liverpool, We are top of the league! #liverpoolfc #liverpool #vandijk #lfc #premierleague #ynwa",relateablelfc,"[u'liverpoolfc', u'liverpool', u'vandijk', u'lfc', u'premierleague', u'ynwa']",3
2019-12-01 13:58:39,"#BallondOr is ready, Are you? Who is winning it tomorrow? 👍- #Messi  🔁- #VanDijk https://t.co/z8gqHcedUi",OffsideTheory,"[u'BallondOr', u'Messi', u'VanDijk']",235
