timestamp,tweet_text,username,all_hashtags,retweet_count,favourites_count
2019-12-03 12:17:13,You are the best@MrDavidFixed1 with how accurately your games play as given  #MESSIX #TuesdayMotivation #CitiCBS #hdfcbankdown #ShowbizAgenda #MAMA2019 #HuaweiFreeBuds3 #bobrisky #babcook #Nigeria #ArrestSonko #AAA2019 #Africa #AYODHYAVERDICT #ShowbizAgenda #vanguardnews #VanDijk https://t.co/4iHHA8VqOK,igwe_chiemerie,"[u'MESSIX', u'TuesdayMotivation', u'CitiCBS', u'hdfcbankdown', u'ShowbizAgenda', u'MAMA2019', u'HuaweiFreeBuds3', u'bobrisky', u'babcook', u'Nigeria', u'ArrestSonko', u'AAA2019', u'Africa', u'AYODHYAVERDICT', u'ShowbizAgenda', u'vanguardnews', u'VanDijk']",29
2019-12-03 12:17:05,More of the same Wednesday please Sadio! https://t.co/4DRObQ8umV   #ynwa #everton #liverpoolfc #liverpool #jft96 #bpl #liveve #premierleague #lfc #vandijk #sadiomane #mosalah #motd #scouse #vandijk #motd2  #cybermonday #blackfriday #firmino #football #Ballondor2019 #BallondOr https://t.co/OImGKHRIpU,TheTwelfthRed,"[u'ynwa', u'everton', u'liverpoolfc', u'liverpool', u'jft96', u'bpl', u'liveve', u'premierleague', u'lfc', u'vandijk', u'sadiomane', u'mosalah', u'motd', u'scouse', u'vandijk', u'motd2', u'cybermonday', u'blackfriday', u'firmino', u'football', u'Ballondor2019', u'BallondOr']",54
2019-12-03 12:01:12,Türkiye’nin #BallonDor ’daki tercihleri;  1️⃣ #VanDijk 2️⃣ #Ronaldo 3️⃣ #Mbappe 4️⃣ #Salah 5️⃣ #Messi https://t.co/V76vtaASoI,DeportesReports,"[u'BallonDor', u'VanDijk', u'Ronaldo', u'Mbappe', u'Salah', u'Messi']",23717
2019-12-03 11:55:43,The Ballon d'Or once again goes to the greatest player of all time. Football and Barça celebrate another wonderful achievement. Congratulations Leo! #BallonDor #BallonDor2019 #MESSIX #MessiBallonDor2019 #Messi #FCBarcelona #uefachampionsleague #VanDijk #CristianoRonaldo #Messi6 https://t.co/cT7A96Uysq,momsprince23,"[u'BallonDor', u'BallonDor2019', u'MESSIX', u'MessiBallonDor2019', u'Messi', u'FCBarcelona', u'uefachampionsleague', u'VanDijk', u'CristianoRonaldo', u'Messi6']",9
2019-12-03 11:52:22,Türkiye’nin #BallonDor’daki tercihleri;  1️⃣ #VanDijk 2️⃣ #Ronaldo 3️⃣ #Mbappe 4️⃣ #Salah 5️⃣ #Messi https://t.co/ZDDwE8vxTl,yenisafakspor,"[u'BallonDor', u'VanDijk', u'Ronaldo', u'Mbappe', u'Salah', u'Messi']",88828
2019-12-03 11:47:54,"""It's his sixth Ballon d'Or. It's Messi."" ENOUGH SAID! 💪⚽  Here's how @LFC ace @VirgilvDijk reacted to Lionel Messi winning the #BallondOr2019! 🏆🔥💯  #BallondOr #Messi #vanDijk https://t.co/TafOu3BMRE",FOXSportsAsia,"[u'BallondOr2019', u'BallondOr', u'Messi', u'vanDijk']",58108
2019-12-03 11:36:41,⚽️❤️Ballon d'Or 2019:  ‼️‼️Ballon d'Or 2019: Lionel Messi beats Virgil van Dijk &amp; Cristiano Ronaldo wins a record sixth Ballon D'or   😍Real WINNER of Life   #Elmontyouthsoccer #BallonDor2019 #CyberMonday #barca #football #Messi #vanDijk #Ronaldo https://t.co/v5piEralrZ,Elmontyouthsoc1,"[u'Elmontyouthsoccer', u'BallonDor2019', u'CyberMonday', u'barca', u'football', u'Messi', u'vanDijk', u'Ronaldo']",8
2019-12-03 11:36:02,At it again 👌🏽🔝 #virgilvandijk #vandijk #liverpoolfc #youwillneverwalkalone #reds #anfield #anfieldstadium #pool #YNWA https://t.co/pG5AE0MZd3,szvdesign,"[u'virgilvandijk', u'vandijk', u'liverpoolfc', u'youwillneverwalkalone', u'reds', u'anfield', u'anfieldstadium', u'pool', u'YNWA']",15
2019-12-03 11:28:39,DON'T HESITATE TO DROP YOUR INBOX MESSAGES OR CALL 📞 +2348159625282 IF YOU ARE INTERESTED IN ANY OUR ODDS OR INQUIRY/COMPLAIN AM ALWAYS AVAILABLE TO REPLY YOUR MESSAGES  DYNASTY✅ #BallonDor2019 #Ronaldo #Mane #VanDijk #RIPAnele #ManUtd #Iran #Argentina #Shiloh2019,Dynastyodds,"[u'BallonDor2019', u'Ronaldo', u'Mane', u'VanDijk', u'RIPAnele', u'ManUtd', u'Iran', u'Argentina', u'Shiloh2019']",1043
2019-12-03 11:22:52,Ok #BallonDor is rigged. For sure. I have no doubt. Period.  There is no sane journalist who would have voted for #Messi over #VanDijk.  The Messi votes are heavily influenced by those who think he should get one more than Ronaldo.. that leaves VanDijk for dead.,deldiablo6,"[u'BallonDor', u'Messi', u'VanDijk']",8
2019-12-03 11:22:18,#messi 6th #balondor #salah #vandijk  Missing the good old times when you had to win an international trophy in order 2 win #joke,FrankBuzz1,"[u'messi', u'balondor', u'salah', u'vandijk', u'joke']",29738
2019-12-03 11:13:33,BOY!??? WTF! First she insults #VanDijk now #Messi  RONALDO deserving to win the #BallonDor is the FUNNIEST &amp; most EMBARRASSING thing I've read today 🤣🤣🤣🤣🤣   That woman is CRAZY! https://t.co/fNU6E9oEC6,Alecia69825937,"[u'VanDijk', u'Messi', u'BallonDor']",240
2019-12-03 11:12:25,Online and hacking   #Iphone6 #Ronaldo #BLACKCOFFEE #Blackwindow #Piers #Messi #Madrid #Perez #TuesdayThoughts__  #VanDijk #Ballon #dubai #uk #us #canada #spain #UAENationalDay  #hacker #Credit #creditscore #Creditrepair #Australia,nkemjay_,"[u'Iphone6', u'Ronaldo', u'BLACKCOFFEE', u'Blackwindow', u'Piers', u'Messi', u'Madrid', u'Perez', u'TuesdayThoughts__', u'VanDijk', u'Ballon', u'dubai', u'uk', u'us', u'canada', u'spain', u'UAENationalDay', u'hacker', u'Credit', u'creditscore', u'Creditrepair', u'Australia']",159
2019-12-03 10:44:55,It's good one for Ronaldo 😂😂 who say not we found a seconde zlatan 🤣#VanDijk,IlyesYahya,[u'VanDijk'],0
2019-12-03 10:44:26,Van Dijk comments about Ronaldo are just embrassing! - how anyone can compare the two is beyond me?! The last 10/12 years Messi and Ronaldo have dominated the game and I think it’s been a pleasure for any football fan to watch the two of them at their peak! #ronaldo #VanDijk,Mazobrien23,"[u'ronaldo', u'VanDijk']",533
2019-12-03 10:36:57,"#BallonDor winner and runner-up, Lionel Messi and Virgil Van Dijk headline our Team of the Week, that also includes Dele Alli, Lautaro Martinez, Martin Odegaard and some others. #messi #VanDijk #TOTW #MyClubFansXI #TuesdayMotivation https://t.co/y6mwr0tEBu",MyclubFan,"[u'BallonDor', u'messi', u'VanDijk', u'TOTW', u'MyClubFansXI', u'TuesdayMotivation']",1275
2019-12-03 10:35:14,FC Barcelona legend #LionelMessi wins record sixth Ballon d'Or as Luka Modric does not make even 30 man list. https://t.co/Zx0NEf1z04 #BallonDor #BalondeOro #Paris #FCBarcelona #Modric #VirgilVanDijk #Messi #MESSIX #VanDijk #Mane #Liverpool #Mbappe #Rapinoe,SewuBem,"[u'LionelMessi', u'BallonDor', u'BalondeOro', u'Paris', u'FCBarcelona', u'Modric', u'VirgilVanDijk', u'Messi', u'MESSIX', u'VanDijk', u'Mane', u'Liverpool', u'Mbappe', u'Rapinoe']",6696
2019-12-03 10:35:11,"@InfiniteMadrid Don’t worry guys. Juventus is going to beat Inter in the Serie A and finish on top, Win Champions league and a good Euro performance by Ronaldo will give Ronaldo a 6th #BallonDor   next year. #VanDijk #Messi   #Juventus #RealMadrid #Portugal #ChampionsLeague #EURO2020",shahida_noor789,"[u'BallonDor', u'VanDijk', u'Messi', u'Juventus', u'RealMadrid', u'Portugal', u'ChampionsLeague', u'EURO2020']",12
2019-12-03 10:34:34,"@Ultra_Suristic Don’t worry guys. Juventus is going to beat Inter in the Serie A and finish on top, Win Champions league and a good Euro performance by Ronaldo will give Ronaldo a 6th #BallonDor   next year. #VanDijk #Messi   #Juventus #RealMadrid #Portugal #ChampionsLeague #EURO2020",shahida_noor789,"[u'BallonDor', u'VanDijk', u'Messi', u'Juventus', u'RealMadrid', u'Portugal', u'ChampionsLeague', u'EURO2020']",12
2019-12-03 10:33:56,"@Ultra_Suristic Don’t worry guys. Juventus is going to beat Inter in the Serie A and finish on top, Win Champions league and a good Euro performance by Ronaldo will give Ronaldo a 6th #BallonDor   next year. #VanDijk #Messi   #Juventus #RealMadrid #Portugal #ChampionsLeague #EURO2020",shahida_noor789,"[u'BallonDor', u'VanDijk', u'Messi', u'Juventus', u'RealMadrid', u'Portugal', u'ChampionsLeague', u'EURO2020']",12
2019-12-03 10:33:28,"@KaizerT8 Don’t worry guys. Juventus is going to beat Inter in the Serie A and finish on top, Win Champions league and a good Euro performance by Ronaldo will give Ronaldo a 6th #BallonDor   next year. #VanDijk #Messi   #Juventus #RealMadrid #Portugal #ChampionsLeague #EURO2020",shahida_noor789,"[u'BallonDor', u'VanDijk', u'Messi', u'Juventus', u'RealMadrid', u'Portugal', u'ChampionsLeague', u'EURO2020']",12
2019-12-03 10:32:53,"@KaizerT8 Don’t worry guys. Juventus is going to beat Inter in the Serie A and finish on top, Win Champions league and a good Euro performance by Ronaldo will give Ronaldo a 6th #BallonDor  next year. #VanDijk #Messi  #Juventus #RealMadrid #Portugal #ChampionsLeague #EURO2020",shahida_noor789,"[u'BallonDor', u'VanDijk', u'Messi', u'Juventus', u'RealMadrid', u'Portugal', u'ChampionsLeague', u'EURO2020']",12
2019-12-03 10:31:33,"Don’t worry guys. Juventus is going to beat Inter in the Serie A and finish on top, Win Champions league and a good Euro performance by Ronaldo will give Ronaldo a 6th #BallonDor next year. #VanDijk #Messi #Juventus #RealMadrid #Portugal #ChampionsLeague #EURO2020 #BallonDor2019",shahida_noor789,"[u'BallonDor', u'VanDijk', u'Messi', u'Juventus', u'RealMadrid', u'Portugal', u'ChampionsLeague', u'EURO2020', u'BallonDor2019']",12
2019-12-03 10:24:15,Cristiano Ronaldo's Sister doesn't like Jokes 😉 #VanDijk https://t.co/4HxylEK0NO,Kuruvii,[u'VanDijk'],459
2019-12-03 10:17:10,"@goal If Modric could have won it, so could have #VanDijk but he was massive for both Club and country.",iburniton96,[u'VanDijk'],1625
2019-12-03 10:16:56,I would have given #BallonDor to #VanDijk,mats32,"[u'BallonDor', u'VanDijk']",67
2019-12-03 10:13:59,"@VirgilvDijk I don’t know if you will really read this tweet, but I want to say you that you really deserved the Ballon D’Or. For me, you are the 2019 Ballon D’Or.  Best. In. The. World.  @VirgilvDijk #VanDijk #BallonDor",Umberto15089751,"[u'VanDijk', u'BallonDor']",45
2019-12-03 10:05:44,I can't wait for Liverpool vs Juventus or Netherlands vs 🇵🇹 Portugal. #Ronaldo will Fuck #VanDijk  once again😂😂😂😂 mark this tweet,Arthurockgh,"[u'Ronaldo', u'VanDijk']",1944
2019-12-03 10:05:13,"👉 No Messi and @Cristiano! 👉 Aubameyang, Griezmann over Messi, Ronaldo! 👉 Tadic, Son Heung-min over Mane, Mbappe!  Some of the #BallondOr2019 votes were BIZARRE, to say the least! 😱😂⚽  #BallondOr #Messi #CR7 #vanDijk #Salah #Mane https://t.co/iWI4QD9snL",FOXSportsAsia,"[u'BallondOr2019', u'BallondOr', u'Messi', u'CR7', u'vanDijk', u'Salah', u'Mane']",58108
2019-12-03 09:53:46,💚WEAL G MADrid💚 💖KiNG KLOPPoss💖 &amp; His  🦹🏾‍♀️MARVELous🦸🏼‍♀️ 💯TEAM💯 💐BEyONcE💐🎶7/11🎶#MENTALHEALTHMATTERS #BLACKWIDOW #Klopp #VanDijk #Ronaldo #Messi   #DeLigt #Ramos #Ederson ##Hazard #Mane #Dybala #Busquets #Mbappe #Neymar #MYCLUB #BallonDor2019 @SkySportsNews @HayleyMcQueen https://t.co/AVVzAI1164,moretalklesmdz,"[u'MENTALHEALTHMATTERS', u'BLACKWIDOW', u'Klopp', u'VanDijk', u'Ronaldo', u'Messi', u'DeLigt', u'Ramos', u'Ederson', u'Hazard', u'Mane', u'Dybala', u'Busquets', u'Mbappe', u'Neymar', u'MYCLUB', u'BallonDor2019']",37
2019-12-03 09:49:12,"@donsummerone @FancyDiMaria @Dela_fishbone @newtonlartey6 @adonko123 @DarlingPaul2 @jeffreyamoah @MawukoDoe @KELVINASUMADU9 @okt_ranking @IzayMan @gazanation_1 @DonEricKwakye @ChampPirloWan @themakosam @SaddickAdams Hmm! Summer I can't even think far, hmm all we the defender's are going to turn into an attacker's because of what happens yesterday's night. Nwiamuu Paa nie. #VanDIJK #adonko123  #abnghana  #angelsports",DijkMiguel,"[u'VanDIJK', u'adonko123', u'abnghana', u'angelsports']",10
2019-12-03 09:44:57,Hacking now ....  and hacking accounts on social media   #Iphone6 #Ronaldo #BLACKCOFFEE #Blackwindow #Piers #Messi #Madrid #Perez #TuesdayThoughts__  #VanDijk #Ballon #dubai #uk #us #canada #spain #UAENationalDay  #hacker #Credit #creditscore #Creditrepair #Australia,nkemjay_,"[u'Iphone6', u'Ronaldo', u'BLACKCOFFEE', u'Blackwindow', u'Piers', u'Messi', u'Madrid', u'Perez', u'TuesdayThoughts__', u'VanDijk', u'Ballon', u'dubai', u'uk', u'us', u'canada', u'spain', u'UAENationalDay', u'hacker', u'Credit', u'creditscore', u'Creditrepair', u'Australia']",159
2019-12-03 09:35:59,"Have a peaceful #Europetrip in #Borgo, #Valsugana Book now... https://t.co/z5x7NirV6s? #LunarRoomBorgo #LunarRoom #tour #travel #trip #tourism #fun #enjoy #luxurylifestyle  #BlackWidowMovie  #GivingTuesday #CharityTuesday #BlackWidow #3dicembre #BallonDor2019  #Italia #VanDijk https://t.co/cQOhs3MKKY",saga_vacation,"[u'Europetrip', u'Borgo', u'Valsugana', u'LunarRoomBorgo', u'LunarRoom', u'tour', u'travel', u'trip', u'tourism', u'fun', u'enjoy', u'luxurylifestyle', u'BlackWidowMovie', u'GivingTuesday', u'CharityTuesday', u'BlackWidow', u'3dicembre', u'BallonDor2019', u'Italia', u'VanDijk']",89
2019-12-03 09:23:39,"#VanDijk has given his best to win #UCL, but he couldn't win a single #BallonDor. #Ronaldo has had 5 and everytime he won it he deserved it and obliged #Francefootball to deliver it to him.",aminesoprano111,"[u'VanDijk', u'UCL', u'BallonDor', u'Ronaldo', u'Francefootball']",374
2019-12-03 09:21:13,Online now and hacking now    #Iphone6 #Ronaldo #BLACKCOFFEE #Blackwindow #Piers #Messi #Madrid #Perez #TuesdayThought #VanDijk #Ballon #dubai #uk #us #canada #spain #UAENationalDay  #hacker #Credit #creditscore #Creditrepair #Australia,nkemjay_,"[u'Iphone6', u'Ronaldo', u'BLACKCOFFEE', u'Blackwindow', u'Piers', u'Messi', u'Madrid', u'Perez', u'TuesdayThought', u'VanDijk', u'Ballon', u'dubai', u'uk', u'us', u'canada', u'spain', u'UAENationalDay', u'hacker', u'Credit', u'creditscore', u'Creditrepair', u'Australia']",159
2019-12-03 09:20:58,"And then he lost 🤣🤣🤣 #VanDijk, @Cristiano isn't in ur league ....let's just be honest...don't hate get inspired https://t.co/roaMvhOIfp",Sameerbry,[u'VanDijk'],4129
2019-12-03 09:19:58,Online now and hacking accounts on social media   #Iphone6 #Ronaldo #BLACKCOFFEE #Blackwindow #Piers #Messi #Madrid #Perez #Tuesday #VanDijk #Ballon #dubai #uk #us #canada #spain #UAENationalDay  #hacker #Credit #creditscore #Creditrepair #Australia,nkemjay_,"[u'Iphone6', u'Ronaldo', u'BLACKCOFFEE', u'Blackwindow', u'Piers', u'Messi', u'Madrid', u'Perez', u'Tuesday', u'VanDijk', u'Ballon', u'dubai', u'uk', u'us', u'canada', u'spain', u'UAENationalDay', u'hacker', u'Credit', u'creditscore', u'Creditrepair', u'Australia']",159
2019-12-03 09:18:01,I am waiting for FIFI to come &amp; say whoever wins BallonDor 6 times should be given ONE free World Cup trophy. Sebi na everytin U wan give #MessiBallonDor2019 #Messi6 #BallonDor2019 #Ronaldo #VanDijk #Piers,Eel_Mansour,"[u'MessiBallonDor2019', u'Messi6', u'BallonDor2019', u'Ronaldo', u'VanDijk', u'Piers']",284
2019-12-03 09:15:33,Save yourself a fortune and everyone a boring night with excruciatingly bad presentation and worse speeches  : just mail it to Messi and Ronaldo in alternate years.#VanDijk,haarhier1,[u'VanDijk'],44
2019-12-03 09:09:47,You see your life!!! #VanDijk @LFC  https://t.co/D5vd5FeWO6,chineduwilshere,[u'VanDijk'],1211
2019-12-03 09:09:46,The balon d’or committee at it again last night - more corrupt than Duckenfields defence team #VanDijk,jonathandilf,[u'VanDijk'],76
2019-12-03 09:09:34,The #BallondOr2019 voting results are out! 💪⚽💯  Let us take a look at who India voted for! 🏆✨  #BallondOr #Messi #CR7 #vanDijk #Mane #Salah https://t.co/7EBYQJ8LPc,FOXSportsAsia,"[u'BallondOr2019', u'BallondOr', u'Messi', u'CR7', u'vanDijk', u'Mane', u'Salah']",58108
2019-12-03 09:06:19,"Classy words from Virgil van Dijk on Lionel Messi:👏  ""We need to respect greatness. I was close but there was just someone a little bit better.""  #BallonDor #BallonDor2019 #Messi #VanDijk #LFC #Barca https://t.co/yBI4z91GvO",bwin,"[u'BallonDor', u'BallonDor2019', u'Messi', u'VanDijk', u'LFC', u'Barca']",63151
2019-12-03 09:05:19,"Did #VanDijk really mean it like we are seeing it??  I personally think he meant that there were no rivals, and that they were all winners last night. He even mentioned that earlier b4 last night.  #Liverpool  #BallonDor2019",StanleyDominic8,"[u'VanDijk', u'Liverpool', u'BallonDor2019']",625
2019-12-03 09:04:56,"Does any football fan over here have such a situation where they absolutely hate a player in their club level and love him when he plays for his country? (Or the the other way round?. I have it in case of #VanDijk . Love him in Holland colors, hate him in his club color #GGMU",galagangster,"[u'VanDijk', u'GGMU']",250
2019-12-03 09:03:30,Sarcasm at its pole #VanDijk #kingmessi#ballondor https://t.co/Go6qVAs7oP,harshit_yadav19,[u'VanDijk'],18
2019-12-03 09:01:28,#ICYMI: Lionel Messi beat Virgil van Dijk to the Ballon d'Or to win football's most prestigious individual prize for a record sixth time on Tuesday. Is Messi undeserving of sixth Ballon d'Or title?  #Messi #Ronaldo #VanDijk #BallondOr #Barcelona #Juventus #Liverpool #Koretbet https://t.co/vJLBhJjlUt,koretbet,"[u'ICYMI', u'Messi', u'Ronaldo', u'VanDijk', u'BallondOr', u'Barcelona', u'Juventus', u'Liverpool', u'Koretbet']",27
2019-12-03 08:57:47,Who is the best footballer in the world? #BallonDor #messi #vandijk #ronaldo #FIFA,glippy26,"[u'BallonDor', u'messi', u'vandijk', u'ronaldo', u'FIFA']",583
2019-12-03 08:56:15,I seriously have lost all respect for @VirgilvDijk  after his recent comment in balon dor ceremony about Cristiano .   Fuckin 1 year of success and these mediocre players think they have the audacity to comment on LEGENDS.   #BallonDor  #VanDijk #CristianoRonaldo,soberlysavage,"[u'BallonDor', u'VanDijk', u'CristianoRonaldo']",135
2019-12-03 08:55:28,Unpopular opinion: Messi has deserved the Ballon d'Or #BallonDor #BallonDor #VanDijk,kanspurs,"[u'BallonDor', u'BallonDor', u'VanDijk']",983
2019-12-03 08:54:30,who is your favorite football player? #BallondOr #Messi  #CR7 #soccer #Kerala #Neymar  #BallonDor2019 #VanDijk #FootballFamily #MessiBallonDor2019,ANIRUDH01132316,"[u'BallondOr', u'Messi', u'CR7', u'soccer', u'Kerala', u'Neymar', u'BallonDor2019', u'VanDijk', u'FootballFamily', u'MessiBallonDor2019']",1
2019-12-03 08:46:24,#VanDijk’s second place finish in the #BalonDor is the best by a defender since Fabio #Cannavaro won it in 2006.,barafundler,"[u'VanDijk', u'BalonDor', u'Cannavaro']",5505
2019-12-03 08:40:33,"Now that the #BallondOr2019 results are out, let's see who the various ASEAN countries have voted for! 💪⚽💯  Take a look. 🏆  #BallondOr #Messi #CR7 #vanDijk #Mane #Salah https://t.co/KF0pMJoMau",FOXSportsAsia,"[u'BallondOr2019', u'BallondOr', u'Messi', u'CR7', u'vanDijk', u'Mane', u'Salah']",58108
2019-12-03 08:38:48,ICYMI: ⚽️🏆 The 2019 Ballon d’Or went to #LionelMessi for the sixth time last night. What is your take on this? Do you think it was well deserved?  #ScooperNigeria #Messi #Ronaldo #Ballon #GOAT  #Drogba #Vandijk #Cristiano #TuesdayThoughts  Read All Trending News on Scooper https://t.co/WLF3IDFSOe,scoopernigeria,"[u'LionelMessi', u'ScooperNigeria', u'Messi', u'Ronaldo', u'Ballon', u'GOAT', u'Drogba', u'Vandijk', u'Cristiano', u'TuesdayThoughts']",1747
2019-12-03 08:38:24,"Common sense prevails: as good a player as #VanDijk undoubtedly is, fans across the globe love players who light up games &amp; improve those around them with unimaginable skill, flair (and the odd goal or two! 😉)... 👏 #AllHailLeoMessi #BallonDor2019 https://t.co/tph6DuGhtJ",thejakewhiteley,"[u'VanDijk', u'AllHailLeoMessi', u'BallonDor2019']",1351
2019-12-03 08:31:06,"Seriously some Barca / Messi fans are so deluded, ( and I am a Messi fan) , we beat them pants down,  they keep winning a 2horse league,  bottled the trophies still harp on an on . #VANDIJK IS currently THE best defender yet agendas overshadow everything #BallonDor https://t.co/sxSptKlTue",MeraliAyaz,"[u'VANDIJK', u'BallonDor']",4396
2019-12-03 08:30:00,Lionel Messi has yet again has cemented his name in the history of football after becoming the first player to win Ballon d'Or for the sixth time. #Messi #VanDijk #BallonDor   https://t.co/ML4VhurSWR,7Dnews,"[u'Messi', u'VanDijk', u'BallonDor']",15464
2019-12-03 08:27:48,CONGRATULATIONS TO ALL WINNERS YESTERDAY . TODAY'S FIXED MATCHES ARE NOW AVAILABLE. YOU CAN  CONTACT ME DIRECTLY ON 📞+2349020188427. #BallonDor #Messi #PrinceAndew #leomessi #AneleHoyana #Ronaldo #Mane #Salah #VanDijk #Shiloh2019 #TuesdayMorning #ChristJesus #Drogba #Piers https://t.co/ee8fQZst4V,MRBESTFIXED1,"[u'BallonDor', u'Messi', u'PrinceAndew', u'leomessi', u'AneleHoyana', u'Ronaldo', u'Mane', u'Salah', u'VanDijk', u'Shiloh2019', u'TuesdayMorning', u'ChristJesus', u'Drogba', u'Piers']",716
2019-12-03 08:24:16,They say #VanDijk is a mercurial defender. Please 😪,LawalKunle14,[u'VanDijk'],791
2019-12-03 08:22:24,REVEALED! 😮😮  The details of which country voted for which player for #BallonDor2019 🏆 has been released.  Full list here.  #BallonDor #Messi #Ronaldo #VanDijk #Salah #Mane   https://t.co/X0XVCNJRYw,FOXSportsAsia,"[u'BallonDor2019', u'BallonDor', u'Messi', u'Ronaldo', u'VanDijk', u'Salah', u'Mane']",58108
2019-12-03 08:21:08,CONGRATULATIONS TO ALL WINNERS YESTERDAY . TODAY'S FIXED MATCHES ARE NOW AVAILABLE. YOU CAN  CONTACT ME DIRECTLY ON 📞+2348159625282. #BallonDor #Messi #PrinceAndew #leomessi #AneleHoyana #Ronaldo #Mane #Salah #VanDijk #Shiloh2019 #TuesdayMorning #ChristJesus #Drogba #Piers https://t.co/lh2vMeqVrF,Dynastyodds,"[u'BallonDor', u'Messi', u'PrinceAndew', u'leomessi', u'AneleHoyana', u'Ronaldo', u'Mane', u'Salah', u'VanDijk', u'Shiloh2019', u'TuesdayMorning', u'ChristJesus', u'Drogba', u'Piers']",1043
2019-12-03 08:10:21,@goal @Alissonbecker The GOAT has possessed all 6 ballon dor  keep retweeting and make it a meme! xD  #leomessi #BallonDor2019 #GOAT #LM10 #cr7 #vandijk #football #avengers_endgame #Messi https://t.co/609EGercrb,GaneshPrem10,"[u'leomessi', u'BallonDor2019', u'GOAT', u'LM10', u'cr7', u'vandijk', u'football', u'avengers_endgame', u'Messi']",20
2019-12-03 08:08:02,Click and get the song 'without you' https://t.co/upcU2tLZ7J #BallonDor #BalondeOro #GOAT #Panorama #BLACKCOFFEE #Opay #ipone6 #fool #Ronaldo #Piers #Drogba #Virgil #MESSIX #Messi #daura #sneijder #FCBarcelona #keyamo #3rdDecember #VanDijk #ROSE #ARMYSelcaDay #Skol #Perez https://t.co/em1PUMfWDd,yakubumohammed_,"[u'BallonDor', u'BalondeOro', u'GOAT', u'Panorama', u'BLACKCOFFEE', u'Opay', u'ipone6', u'fool', u'Ronaldo', u'Piers', u'Drogba', u'Virgil', u'MESSIX', u'Messi', u'daura', u'sneijder', u'FCBarcelona', u'keyamo', u'3rdDecember', u'VanDijk', u'ROSE', u'ARMYSelcaDay', u'Skol', u'Perez']",67343
2019-12-03 08:03:22,https://t.co/fsXqokKYTH  New video !! Ballon d’Or Winners from 1980 - 2019 !!! #BallonDor2019 #BallonDor #Messi #VanDijk https://t.co/Suw9Hfe8KD,RankingRoyals,"[u'BallonDor2019', u'BallonDor', u'Messi', u'VanDijk']",117
2019-12-03 07:54:17,Liverpool defender Virgil Van Dijk happy to lose Ballon d'Or to a better player👏🏽👏🏽😄*  Read here👇🏽👇🏽👇🏽👇🏽👇🏽  https://t.co/29lcIk23fh  #BallonDor2019 #BallonDor #BalondeOro #Messi #VanDijk #GOAT #piersmorgan #Ballon #MessiBallonDor2019 #Ronaldo,KingDavidObas,"[u'BallonDor2019', u'BallonDor', u'BalondeOro', u'Messi', u'VanDijk', u'GOAT', u'piersmorgan', u'Ballon', u'MessiBallonDor2019', u'Ronaldo']",953
2019-12-03 07:51:44,Thank fk that  overrated former #Southampton defender didn’t win the #BallonDor2019 #BallonDor ffs !! Imagine the #lfc #Liverpool fans !!? #Messi #Ronaldo #VanDijk,geesingh7,"[u'Southampton', u'BallonDor2019', u'BallonDor', u'lfc', u'Liverpool', u'Messi', u'Ronaldo', u'VanDijk']",19
2019-12-03 07:49:39,"Messi won the Ballon D'or 2019,  Liverpool fans are still in shock,  They want the VAR to overturn the decision in  favor of VVD!  #Liverpool #BallonDor2019 #MessiBallonDor2019 #VanDijk  #UEFA #VanDijk #VAR #livarpool",Sandeep_9320,"[u'Liverpool', u'BallonDor2019', u'MessiBallonDor2019', u'VanDijk', u'UEFA', u'VanDijk', u'VAR', u'livarpool']",26
2019-12-03 07:49:16,@goal The GOAT has possessed all 6 ballon dor  Keep retweeting this and make it a meme  #leomessi #BallonDor2019 #GOAT #LM10 #cr7 #vandijk #football #avengers_endgame #Messi https://t.co/fCDtz2BTTq,GaneshPrem10,"[u'leomessi', u'BallonDor2019', u'GOAT', u'LM10', u'cr7', u'vandijk', u'football', u'avengers_endgame', u'Messi']",20
2019-12-03 07:48:26,There's a a little truth in just kidding.  #VanDijk #Piers,loshantii,"[u'VanDijk', u'Piers']",2609
2019-12-03 07:45:46,GOOD MORNING TO ALL OLD AND NEW SUBSCRIBERS. HERE IS ANOTHER FRESH DAY OF OPPORTUNITY TO CHANGE YOUR LIVES WITH MY FIXED MATCHES. MORE WINNINGS TO BE RECORDED HERE!!!.  #Trump #Piper #Mane #keyamo #GGDC19 #BBCPanorama #MAMAVOTE  #hyderabadpolice #MessiBallonDor2019 #VanDijk,GREENLANDFXMTCH,"[u'Trump', u'Piper', u'Mane', u'keyamo', u'GGDC19', u'BBCPanorama', u'MAMAVOTE', u'hyderabadpolice', u'MessiBallonDor2019', u'VanDijk']",485
2019-12-03 07:43:38,"Smoking, Nudity And Thrash Talks: The Problem With Crazy Actress Etinosa Idemudia https://t.co/OjbUP8pYGH #OperaNewsHub #Messi #Ballon #Ronaldo #VanDijk #GOAT iPhone6 #BalondeOro #FIFA #Italy",osahon87,"[u'OperaNewsHub', u'Messi', u'Ballon', u'Ronaldo', u'VanDijk', u'GOAT', u'BalondeOro', u'FIFA', u'Italy']",277
2019-12-03 07:42:26,Monitor Everything happening at home while you are away at real time on all your devices with the best CCTV HD cameras  #iPhone6 #Messi #VanDijk https://t.co/fYMUHrKf33,hesikay,"[u'iPhone6', u'Messi', u'VanDijk']",2851
2019-12-03 07:41:14,Scouser has written this headline 😂 #BallonDor #Messi #VanDijk https://t.co/5cqtdsAaLm,JTedders92,"[u'BallonDor', u'Messi', u'VanDijk']",554
2019-12-03 07:23:56,Do you think Lionel Messi deserved to win the ballon d’or award 2019 ahead of Van dijk?   Retweet for Messi &amp; Like for Van dijk.  #BallonDor2019 #BallonDor #Messi #VanDijk #TuesdayThoughts #TuesdayMotivation #Shiloh2019 https://t.co/ijoax6fVGI,RyteGate,"[u'BallonDor2019', u'BallonDor', u'Messi', u'VanDijk', u'TuesdayThoughts', u'TuesdayMotivation', u'Shiloh2019']",1892
2019-12-03 07:15:38,And the celebration continues 😂😂😂  #Ronaldo #MESSIX #Messi #VanDijk #BallonDor2019 iPhone 6 https://t.co/nu9SFb8mfT,BuzorTM,"[u'Ronaldo', u'MESSIX', u'Messi', u'VanDijk', u'BallonDor2019']",1205
2019-12-03 07:11:40,"Finally, it's ending here, VVD, how was it?? Hope you enjoyed your dumb comparison with the GOAT and the LION??  Enjoy your remaining football career in silence😯 #BallonDor2019  #VanDijk  #leomessi  #CristianoRonaldo https://t.co/zK7qjjjAhq",Neghaay,"[u'BallonDor2019', u'VanDijk', u'leomessi', u'CristianoRonaldo']",17
2019-12-03 07:09:02,@Sporf #GOAT however think #VanDijk should have won this year.,simon12498,"[u'GOAT', u'VanDijk']",88
2019-12-03 07:08:49,Cristiano Ronaldo explaining why he didn’t turn up to the #BallonDor   ceremony yesterday night...  #BallonDor2019 #BallonDor #Messi #Ronaldo #Liverpool #VanDijk https://t.co/cVus4GezMt,BTips4you,"[u'BallonDor', u'BallonDor2019', u'BallonDor', u'Messi', u'Ronaldo', u'Liverpool', u'VanDijk']",1428
2019-12-03 07:07:35,It’s not #Messi and #Ronaldo again ? Hehehe you’ll attacking #Virgil cause of what he said not minding your goat did worst than him 🤷‍♂️ free #VanDijk and face us #Messi6 #MESSIX #MessiBallonDor2019 it’s #Messi and #Ronaldo not #VanDijk 🤣,ahmardhii,"[u'Messi', u'Ronaldo', u'Virgil', u'VanDijk', u'Messi6', u'MESSIX', u'MessiBallonDor2019', u'Messi', u'Ronaldo', u'VanDijk']",1569
2019-12-03 07:04:50,Word🔥 Messi totally deserved this✨ #BallonDor2019 #BallonDor #Messi #VanDijk #Barcelona https://t.co/g9iqt43LMl,_shivxx,"[u'BallonDor2019', u'BallonDor', u'Messi', u'VanDijk', u'Barcelona']",89
2019-12-03 07:02:32,Ronaldo’s sister cries after Messi won Ballon D’or   https://t.co/EnJ4w13z0Z  @raskytwitty @communeamos @OlaFresh98 @IbkSports @TomiwaBabalola @iamunclerahiiim @BayoPsalm   #Balondor2019 #BallonDor #leomessi #VanDijk #Ronaldo,dammydudu,"[u'Balondor2019', u'BallonDor', u'leomessi', u'VanDijk', u'Ronaldo']",2999
2019-12-03 07:02:22,"Virgil #vanDijk 🤠  ""Unfortunately there are a couple of players like him [#Messi] that are unnatural.  He's fantastic, six times the #BallonDor  [winner]. You need to respect greatness as well...I was close, but it was just someone who was a little bit better."" https://t.co/wNQEcsMopM",VBETnews,"[u'vanDijk', u'Messi', u'BallonDor']",1483
2019-12-03 06:59:28,Savage AF 🔥😂 #Ronaldo #VanDijk https://t.co/RuV2xH9oZg,FootTheBall,"[u'Ronaldo', u'VanDijk']",41417
2019-12-03 06:56:44,Messix ⚽️🖐🏻➕1️⃣🏆 📸: #picoftheday #gettyimages • • • #messi #leomessi #lionelmessi #messix #fcbarcelona #fcb #ballondor #cristianoronaldo #ronaldo #vandijk #mbappe #griezmann #modric #azulgrana #campnou #noucamp… https://t.co/6SALBKqlJK,Jhansd,"[u'picoftheday', u'gettyimages', u'messi', u'leomessi', u'lionelmessi', u'messix', u'fcbarcelona', u'fcb', u'ballondor', u'cristianoronaldo', u'ronaldo', u'vandijk', u'mbappe', u'griezmann', u'modric', u'azulgrana', u'campnou', u'noucamp']",6189
2019-12-03 06:53:03,"If goals is the major determinant factor in winning football Awards, then it's obvious the game is discriminatory!!!   #BallonDor2019 #BallonDor #Messi #Fifa #awards #Ronaldo #discrimination #VanDijk #football",nollymovies_tv,"[u'BallonDor2019', u'BallonDor', u'Messi', u'Fifa', u'awards', u'Ronaldo', u'discrimination', u'VanDijk', u'football']",71
2019-12-03 06:51:09,"The Ballon D’Or is a popularity contest, both Cristiano Ronaldo and Virgil Van Dijk we’re more deserving than Lionel Messi, but, I guess it just goes to show how corrupt football is, what a surprise 🤷‍♂️ #Messi #BallonDor2019 #Ronaldo #VanDijk #Corrupt",aguycalledcaleb,"[u'Messi', u'BallonDor2019', u'Ronaldo', u'VanDijk', u'Corrupt']",261
2019-12-03 06:50:50,So Ronaldo used his sister’s account to diss Van Dijk 😂😂😂 Van Dijk definitely got under his skin. 😂   Read between the lines my people as I expose our beloved Ronaldo.  This is Ronaldo typing guys!!! @LFC @Kloppholic  #BalondeOro #BallonDor #MESSIX #Messi #VanDijk #Liverpool https://t.co/yap3WJR0Lb,Uncle_Dimeji,"[u'BalondeOro', u'BallonDor', u'MESSIX', u'Messi', u'VanDijk', u'Liverpool']",2377
2019-12-03 06:49:29,Piers Morgan shut down by Van Dijk after celebrity's knee-jerk reaction to Ronaldo's Ballon d'Or no-show joke  #PiersMorgan #VanDijk #football #BallonDor #BallonDor2019 https://t.co/qBK64bRkD9,WhaleBets_com,"[u'PiersMorgan', u'VanDijk', u'football', u'BallonDor', u'BallonDor2019']",3435
2019-12-03 06:46:53,You got robbed champ but no matter. You’re still #1 in our eyes. Let’s bring the cup home this season #YNWA #VanDijk 🔴 #BallonDor2019 https://t.co/PDlVTEGh64,tary04,"[u'YNWA', u'VanDijk', u'BallonDor2019']",248
2019-12-03 06:42:38,@goal The GOAT has possessed all 6 ballon dor  Keep retweeting this to make it a meme!  #leomessi #BallonDor2019 #GOAT #LM10 #cr7 #vandijk #football #avengers_endgame #Messi https://t.co/vLo1SatC8p,GaneshPrem10,"[u'leomessi', u'BallonDor2019', u'GOAT', u'LM10', u'cr7', u'vandijk', u'football', u'avengers_endgame', u'Messi']",20
2019-12-03 06:40:37,"🙍🏽‍♂️: #VanDijk won UCL, finished runner up in EPL (most points in history of PL for 2nd) &amp; runner up in Nations League. How did he not win #BallonDor2019  👲🏻: BITCH PLEASE !!! #Messi single handedly kept a fraud like Ernesto Velverde in the job as Barca coach !   🤪 #BallonDor",KichuKi88931574,"[u'VanDijk', u'BallonDor2019', u'Messi', u'BallonDor']",304
2019-12-03 06:37:31,4 Reds players finished in the top 10 ranking for this year's award. #FMTNews #VanDijk  https://t.co/NEXFMnGc5O,fmtoday,"[u'FMTNews', u'VanDijk']",98979
2019-12-03 06:22:00,""" He's fantastic. His last three seasons have been amazing ""  #Shevchenko praises #VanDijk's performance https://t.co/7REECLOZqC",stadiumastro,"[u'Shevchenko', u'VanDijk']",25301
2019-12-03 06:19:16,"#VanDijk disrespecting CR7? Lol😂  My Addict, You're Loved ORORO! I know you'll reply him with swags soon. More wins the GREATEST OF ALL TIME.❤ #Ronaldo #BallonDor #Cristiano #CR7 #GOAT https://t.co/mzlOK0G2oW",Ammy_Chelsea,"[u'VanDijk', u'Ronaldo', u'BallonDor', u'Cristiano', u'CR7', u'GOAT']",282
2019-12-03 06:17:25,"📣 New Podcast! ""Ballon D'Or 2019"" on @Spreaker #ayiti #ballondor #cristiano #football #haiti #kreyol #messi #podcast #soccer #vandijk https://t.co/puH5z10Jfx",menlifoot,"[u'ayiti', u'ballondor', u'cristiano', u'football', u'haiti', u'kreyol', u'messi', u'podcast', u'soccer', u'vandijk']",198
2019-12-03 06:14:35,I can't stop thanking you @gamearenafixedd my game won. Thank you so much for this winning sir i really appreciate. #Daura #Piers #Messi #iphone6 #GGDC19 #ProdigalSon #BallonDor #VanDijk #Modric #Mane #GOAT #Ronaldo  #FACupDraw #kopatrophy #Buhari #Nigeria #EFCCFightsForYou https://t.co/qJLB7bB3Rz,Ejimaigwelo,"[u'Daura', u'Piers', u'Messi', u'iphone6', u'GGDC19', u'ProdigalSon', u'BallonDor', u'VanDijk', u'Modric', u'Mane', u'GOAT', u'Ronaldo', u'FACupDraw', u'kopatrophy', u'Buhari', u'Nigeria', u'EFCCFightsForYou']",142
2019-12-03 06:10:31,@uchejombo The GOAT has possessed all 6 ballon dor  Retweet this and make it a meme! xD  #leomessi #BallonDor2019 #GOAT #LM10 #cr7 #vandijk #football #avengers_endgame #Messi https://t.co/UqR8ZZ2ih6,GaneshPrem10,"[u'leomessi', u'BallonDor2019', u'GOAT', u'LM10', u'cr7', u'vandijk', u'football', u'avengers_endgame', u'Messi']",20
2019-12-03 06:07:15,"#BallonDor2019 one of the most prestigious awards of the world #football , is found ! Among the 30 person nominees for the Ballon d'Or  men ,#VanDijk  #Ronaldo #MESSI  are among the favorites ! 👉 https://t.co/z8nQ7dB2bj https://t.co/NCkcqbNYTt",NewEurobet,"[u'BallonDor2019', u'football', u'VanDijk', u'Ronaldo', u'MESSI']",316
2019-12-03 06:06:56,STOP!!! ⚠ Stop🚯 wasting your Money on predictions  Buy fixed matches from a real source.  Buy my games today change your story.  I do not give pay after or trial game because I'm sure of my games  Buy directly from ME add NEVER LOOSE 🙅🏾‍♂ #GOAT #modric #iphone6 #VanDijk #Fool,MRVICTOR1803023,"[u'GOAT', u'modric', u'iphone6', u'VanDijk', u'Fool']",1125
2019-12-03 06:06:24,"SAY THAT PRAYER THAT WILL GET YOU A BRIGHT START THIS MORNING ✅✅  MAKE YOUR WISH OF HAVING A SUCCESSFUL DAY SO MANDATORY BE OPTIMISTIC, MAKE MONEY TODAY AND STAY OPTIMISTIC  HAVE A BEAUTIFUL DAY AHEAD  BETSMASTER #Mane #Fool #Burger #Luke #VanDijk #ChristJesus #Breakinglimits",betsmasterpro1,"[u'Mane', u'Fool', u'Burger', u'Luke', u'VanDijk', u'ChristJesus', u'Breakinglimits']",1060
